-- Local realistic operations seed for Nestory.
-- Deterministic admin login plus a compact Cambodia property-management book:
-- named properties, varied units, real lease ranges, deposits, people roles,
-- vendors, staff, ledger/timeline records, and actionable maintenance work.
-- Logins for local Supabase:
-- - nestory@gmail.com / 123456789 -> seeded sample portfolio
-- - demo@nestory.com / 123456789 -> empty demo workspace

SELECT set_config('app.people_leases_skip_sync', 'on', false);

INSERT INTO auth.users (
  instance_id,
  id,
  aud,
  role,
  email,
  encrypted_password,
  email_confirmed_at,
  confirmation_token,
  recovery_token,
  email_change_token_new,
  email_change,
  email_change_token_current,
  reauthentication_token,
  raw_app_meta_data,
  raw_user_meta_data,
  created_at,
  updated_at
)
VALUES (
  '00000000-0000-0000-0000-000000000000',
  '00000000-0000-0000-0000-000000000101',
  'authenticated',
  'authenticated',
  'nestory@gmail.com',
  crypt('123456789', gen_salt('bf')),
  now(),
  '',
  '',
  '',
  '',
  '',
  '',
  '{"provider": "email", "providers": ["email"]}'::jsonb,
  '{"name": "Nestory Admin"}'::jsonb,
  now(),
  now()
)
ON CONFLICT (id) DO UPDATE
SET
  email = EXCLUDED.email,
  encrypted_password = EXCLUDED.encrypted_password,
  email_confirmed_at = EXCLUDED.email_confirmed_at,
  confirmation_token = EXCLUDED.confirmation_token,
  recovery_token = EXCLUDED.recovery_token,
  email_change_token_new = EXCLUDED.email_change_token_new,
  email_change = EXCLUDED.email_change,
  email_change_token_current = EXCLUDED.email_change_token_current,
  reauthentication_token = EXCLUDED.reauthentication_token,
  raw_app_meta_data = EXCLUDED.raw_app_meta_data,
  raw_user_meta_data = EXCLUDED.raw_user_meta_data,
  updated_at = now();

INSERT INTO auth.identities (
  id,
  provider_id,
  user_id,
  identity_data,
  provider,
  last_sign_in_at,
  created_at,
  updated_at
)
VALUES (
  '00000000-0000-0000-0000-000000000102',
  '00000000-0000-0000-0000-000000000101',
  '00000000-0000-0000-0000-000000000101',
  jsonb_build_object(
    'sub', '00000000-0000-0000-0000-000000000101',
    'email', 'nestory@gmail.com',
    'email_verified', true,
    'phone_verified', false
  ),
  'email',
  now(),
  now(),
  now()
)
ON CONFLICT (provider_id, provider) DO UPDATE
SET
  user_id = EXCLUDED.user_id,
  identity_data = EXCLUDED.identity_data,
  updated_at = now();

INSERT INTO auth.users (
  instance_id,
  id,
  aud,
  role,
  email,
  encrypted_password,
  email_confirmed_at,
  confirmation_token,
  recovery_token,
  email_change_token_new,
  email_change,
  email_change_token_current,
  reauthentication_token,
  raw_app_meta_data,
  raw_user_meta_data,
  created_at,
  updated_at
)
VALUES (
  '00000000-0000-0000-0000-000000000000',
  '00000000-0000-0000-0000-000000000301',
  'authenticated',
  'authenticated',
  'demo@nestory.com',
  crypt('123456789', gen_salt('bf')),
  now(),
  '',
  '',
  '',
  '',
  '',
  '',
  '{"provider": "email", "providers": ["email"]}'::jsonb,
  '{"name": "Nestory Demo"}'::jsonb,
  now(),
  now()
)
ON CONFLICT (id) DO UPDATE
SET
  email = EXCLUDED.email,
  encrypted_password = EXCLUDED.encrypted_password,
  email_confirmed_at = EXCLUDED.email_confirmed_at,
  confirmation_token = EXCLUDED.confirmation_token,
  recovery_token = EXCLUDED.recovery_token,
  email_change_token_new = EXCLUDED.email_change_token_new,
  email_change = EXCLUDED.email_change,
  email_change_token_current = EXCLUDED.email_change_token_current,
  reauthentication_token = EXCLUDED.reauthentication_token,
  raw_app_meta_data = EXCLUDED.raw_app_meta_data,
  raw_user_meta_data = EXCLUDED.raw_user_meta_data,
  updated_at = now();

INSERT INTO auth.identities (
  id,
  provider_id,
  user_id,
  identity_data,
  provider,
  last_sign_in_at,
  created_at,
  updated_at
)
VALUES (
  '00000000-0000-0000-0000-000000000302',
  '00000000-0000-0000-0000-000000000301',
  '00000000-0000-0000-0000-000000000301',
  jsonb_build_object(
    'sub', '00000000-0000-0000-0000-000000000301',
    'email', 'demo@nestory.com',
    'email_verified', true,
    'phone_verified', false
  ),
  'email',
  now(),
  now(),
  now()
)
ON CONFLICT (provider_id, provider) DO UPDATE
SET
  user_id = EXCLUDED.user_id,
  identity_data = EXCLUDED.identity_data,
  updated_at = now();

TRUNCATE
  public.activity_logs,
  public.documents,
  public.petty_cash_entries,
  public.petty_cash_periods,
  public.petty_cash_accounts,
  public.tasks,
  public.tenant_requests,
  public.lease_deposits,
  public.lease_occupancies,
  public.lease_terms,
  public.lease_parties,
  public.leases,
  public.ledger_entries,
  public.ledger_period_locks,
  public.vendor_profiles,
  public.property_owners,
  public.person_contacts,
  public.person_roles,
  public.organization_members,
  public.organization_teams,
  public.organization_branches,
  public.units,
  public.properties,
  public.people,
  public.organizations
RESTART IDENTITY CASCADE;

INSERT INTO public.organizations (id, name, slug)
VALUES
(
  '00000000-0000-0000-0000-000000000001',
  'Sample Property Group',
  'sample-property-group'
),
(
  '00000000-0000-0000-0000-000000000002',
  'Demo Workspace',
  'demo-workspace'
);

INSERT INTO public.organization_branches (
  id,
  organization_id,
  name,
  code,
  address,
  status,
  created_by,
  updated_by
)
VALUES
(
  '00000000-0000-0000-0000-000000000211',
  '00000000-0000-0000-0000-000000000001',
  'Central Operations',
  'CENTRAL',
  'Street 360, Boeung Keng Kang 1, Phnom Penh',
  'active',
  '00000000-0000-0000-0000-000000000101',
  '00000000-0000-0000-0000-000000000101'
),
(
  '00000000-0000-0000-0000-000000000212',
  '00000000-0000-0000-0000-000000000001',
  'River And North Desk',
  'RIVER',
  'Street 315, Toul Kork, Phnom Penh',
  'active',
  '00000000-0000-0000-0000-000000000101',
  '00000000-0000-0000-0000-000000000101'
);

INSERT INTO public.properties (
  id,
  organization_id,
  name,
  code,
  property_type,
  owner,
  address,
  status,
  acquisition_date,
  notes,
  created_by,
  updated_by
)
VALUES
(
  '10000000-0000-0000-0000-000000000001',
  '00000000-0000-0000-0000-000000000001',
  'Central Residence',
  'CTR-RES-018',
  'Residential apartment',
  'Sokha Family Holdings',
  'Street 360, Boeung Keng Kang 1, Phnom Penh',
  'active',
  '2021-03-18',
  'Mid-rise residential building with long-stay tenants and shared rooftop water tanks.',
  '00000000-0000-0000-0000-000000000101',
  '00000000-0000-0000-0000-000000000101'
),
(
  '10000000-0000-0000-0000-000000000002',
  '00000000-0000-0000-0000-000000000001',
  'Northline Mixed Use',
  'NTH-MU-006',
  'Mixed use',
  'Mekong Family Office',
  'Street 315, Toul Kork, Phnom Penh',
  'active',
  '2020-08-01',
  'Retail ground floor with apartments above; elevator and pump maintenance are recurring owner concerns.',
  '00000000-0000-0000-0000-000000000101',
  '00000000-0000-0000-0000-000000000101'
),
(
  '10000000-0000-0000-0000-000000000003',
  '00000000-0000-0000-0000-000000000001',
  'Street 178 Residence',
  'ST178-RES-001',
  'Residential apartment',
  'Urban Key Assets',
  'Street 178, Daun Penh, Phnom Penh',
  'active',
  '2019-11-15',
  'Older walk-up near the riverside; keys, access control, and plumbing calls happen often.',
  '00000000-0000-0000-0000-000000000101',
  '00000000-0000-0000-0000-000000000101'
),
(
  '10000000-0000-0000-0000-000000000004',
  '00000000-0000-0000-0000-000000000001',
  'Bassac Garden Apartments',
  'BSC-GDN-014',
  'Serviced apartment',
  'Bayon Living Co.',
  'Street 29, Tonle Bassac, Phnom Penh',
  'active',
  '2022-02-10',
  'Serviced apartment block with higher rent, housekeeping contracts, and scheduled AC cleaning.',
  '00000000-0000-0000-0000-000000000101',
  '00000000-0000-0000-0000-000000000101'
),
(
  '10000000-0000-0000-0000-000000000005',
  '00000000-0000-0000-0000-000000000001',
  'Toul Kork Heights',
  'TKH-022',
  'Condominium',
  'Tonle Bassac Partners',
  'Street 592, Toul Kork, Phnom Penh',
  'active',
  '2023-05-22',
  'Condo-style units with family tenants, parking access, and predictable renewal cycles.',
  '00000000-0000-0000-0000-000000000101',
  '00000000-0000-0000-0000-000000000101'
),
(
  '10000000-0000-0000-0000-000000000006',
  '00000000-0000-0000-0000-000000000001',
  'Chroy Changvar River View',
  'CCV-RVR-005',
  'Residential apartment',
  'Riverside Asset Trust',
  'National Road 6A, Chroy Changvar, Phnom Penh',
  'active',
  '2021-12-01',
  'River-view units with parking gate and common-area lighting maintenance.',
  '00000000-0000-0000-0000-000000000101',
  '00000000-0000-0000-0000-000000000101'
);

INSERT INTO public.units (
  id,
  organization_id,
  property_id,
  unit_number,
  floor,
  size_sqm,
  status,
  current_rent_amount,
  current_rent_currency,
  created_by,
  updated_by
)
VALUES
('20000000-0000-0000-0000-000000000001', '00000000-0000-0000-0000-000000000001', '10000000-0000-0000-0000-000000000001', '09A', '9', 64, 'occupied', 780, 'USD', '00000000-0000-0000-0000-000000000101', '00000000-0000-0000-0000-000000000101'),
('20000000-0000-0000-0000-000000000002', '00000000-0000-0000-0000-000000000001', '10000000-0000-0000-0000-000000000001', '09B', '9', 52, 'occupied', 640, 'USD', '00000000-0000-0000-0000-000000000101', '00000000-0000-0000-0000-000000000101'),
('20000000-0000-0000-0000-000000000003', '00000000-0000-0000-0000-000000000001', '10000000-0000-0000-0000-000000000001', '10A', '10', 72, 'occupied', 900, 'USD', '00000000-0000-0000-0000-000000000101', '00000000-0000-0000-0000-000000000101'),
('20000000-0000-0000-0000-000000000004', '00000000-0000-0000-0000-000000000001', '10000000-0000-0000-0000-000000000001', '11B', '11', 56, 'occupied', 690, 'USD', '00000000-0000-0000-0000-000000000101', '00000000-0000-0000-0000-000000000101'),
('20000000-0000-0000-0000-000000000005', '00000000-0000-0000-0000-000000000001', '10000000-0000-0000-0000-000000000001', '12A', '12', 80, 'vacant', 980, 'USD', '00000000-0000-0000-0000-000000000101', '00000000-0000-0000-0000-000000000101'),
('20000000-0000-0000-0000-000000000006', '00000000-0000-0000-0000-000000000001', '10000000-0000-0000-0000-000000000001', 'G01', 'G', 38, 'reserved', 520, 'USD', '00000000-0000-0000-0000-000000000101', '00000000-0000-0000-0000-000000000101'),
('20000000-0000-0000-0000-000000000007', '00000000-0000-0000-0000-000000000001', '10000000-0000-0000-0000-000000000002', '02A', '2', 48, 'occupied', 620, 'USD', '00000000-0000-0000-0000-000000000101', '00000000-0000-0000-0000-000000000101'),
('20000000-0000-0000-0000-000000000008', '00000000-0000-0000-0000-000000000001', '10000000-0000-0000-0000-000000000002', '02B', '2', 50, 'occupied', 650, 'USD', '00000000-0000-0000-0000-000000000101', '00000000-0000-0000-0000-000000000101'),
('20000000-0000-0000-0000-000000000009', '00000000-0000-0000-0000-000000000001', '10000000-0000-0000-0000-000000000002', '03A', '3', 84, 'occupied', 1250, 'USD', '00000000-0000-0000-0000-000000000101', '00000000-0000-0000-0000-000000000101'),
('20000000-0000-0000-0000-000000000010', '00000000-0000-0000-0000-000000000001', '10000000-0000-0000-0000-000000000002', '03B', '3', 92, 'occupied', 1380, 'USD', '00000000-0000-0000-0000-000000000101', '00000000-0000-0000-0000-000000000101'),
('20000000-0000-0000-0000-000000000011', '00000000-0000-0000-0000-000000000001', '10000000-0000-0000-0000-000000000002', 'R01', 'G', 96, 'occupied', 2400, 'USD', '00000000-0000-0000-0000-000000000101', '00000000-0000-0000-0000-000000000101'),
('20000000-0000-0000-0000-000000000012', '00000000-0000-0000-0000-000000000001', '10000000-0000-0000-0000-000000000002', '04A', '4', 46, 'maintenance', 590, 'USD', '00000000-0000-0000-0000-000000000101', '00000000-0000-0000-0000-000000000101'),
('20000000-0000-0000-0000-000000000013', '00000000-0000-0000-0000-000000000001', '10000000-0000-0000-0000-000000000003', '01-01', '1', 44, 'occupied', 560, 'USD', '00000000-0000-0000-0000-000000000101', '00000000-0000-0000-0000-000000000101'),
('20000000-0000-0000-0000-000000000014', '00000000-0000-0000-0000-000000000001', '10000000-0000-0000-0000-000000000003', '01-02', '1', 42, 'vacant', 540, 'USD', '00000000-0000-0000-0000-000000000101', '00000000-0000-0000-0000-000000000101'),
('20000000-0000-0000-0000-000000000015', '00000000-0000-0000-0000-000000000001', '10000000-0000-0000-0000-000000000003', '02-01', '2', 58, 'occupied', 720, 'USD', '00000000-0000-0000-0000-000000000101', '00000000-0000-0000-0000-000000000101'),
('20000000-0000-0000-0000-000000000016', '00000000-0000-0000-0000-000000000001', '10000000-0000-0000-0000-000000000003', '02-02', '2', 58, 'occupied', 720, 'USD', '00000000-0000-0000-0000-000000000101', '00000000-0000-0000-0000-000000000101'),
('20000000-0000-0000-0000-000000000017', '00000000-0000-0000-0000-000000000001', '10000000-0000-0000-0000-000000000003', '03-01', '3', 70, 'occupied', 860, 'USD', '00000000-0000-0000-0000-000000000101', '00000000-0000-0000-0000-000000000101'),
('20000000-0000-0000-0000-000000000018', '00000000-0000-0000-0000-000000000001', '10000000-0000-0000-0000-000000000003', '04-01', '4', 76, 'reserved', 930, 'USD', '00000000-0000-0000-0000-000000000101', '00000000-0000-0000-0000-000000000101'),
('20000000-0000-0000-0000-000000000019', '00000000-0000-0000-0000-000000000001', '10000000-0000-0000-0000-000000000004', 'A-1203', '12', 68, 'occupied', 1150, 'USD', '00000000-0000-0000-0000-000000000101', '00000000-0000-0000-0000-000000000101'),
('20000000-0000-0000-0000-000000000020', '00000000-0000-0000-0000-000000000001', '10000000-0000-0000-0000-000000000004', 'A-1204', '12', 68, 'occupied', 1180, 'USD', '00000000-0000-0000-0000-000000000101', '00000000-0000-0000-0000-000000000101'),
('20000000-0000-0000-0000-000000000021', '00000000-0000-0000-0000-000000000001', '10000000-0000-0000-0000-000000000004', 'B-0801', '8', 85, 'occupied', 1500, 'USD', '00000000-0000-0000-0000-000000000101', '00000000-0000-0000-0000-000000000101'),
('20000000-0000-0000-0000-000000000022', '00000000-0000-0000-0000-000000000001', '10000000-0000-0000-0000-000000000004', 'B-0802', '8', 86, 'occupied', 1520, 'USD', '00000000-0000-0000-0000-000000000101', '00000000-0000-0000-0000-000000000101'),
('20000000-0000-0000-0000-000000000023', '00000000-0000-0000-0000-000000000001', '10000000-0000-0000-0000-000000000004', 'C-0505', '5', 45, 'vacant', 850, 'USD', '00000000-0000-0000-0000-000000000101', '00000000-0000-0000-0000-000000000101'),
('20000000-0000-0000-0000-000000000024', '00000000-0000-0000-0000-000000000001', '10000000-0000-0000-0000-000000000004', 'C-0506', '5', 47, 'maintenance', 870, 'USD', '00000000-0000-0000-0000-000000000101', '00000000-0000-0000-0000-000000000101'),
('20000000-0000-0000-0000-000000000025', '00000000-0000-0000-0000-000000000001', '10000000-0000-0000-0000-000000000005', 'TK-5A', '5', 61, 'occupied', 760, 'USD', '00000000-0000-0000-0000-000000000101', '00000000-0000-0000-0000-000000000101'),
('20000000-0000-0000-0000-000000000026', '00000000-0000-0000-0000-000000000001', '10000000-0000-0000-0000-000000000005', 'TK-5B', '5', 61, 'occupied', 760, 'USD', '00000000-0000-0000-0000-000000000101', '00000000-0000-0000-0000-000000000101'),
('20000000-0000-0000-0000-000000000027', '00000000-0000-0000-0000-000000000001', '10000000-0000-0000-0000-000000000005', 'TK-6A', '6', 74, 'occupied', 940, 'USD', '00000000-0000-0000-0000-000000000101', '00000000-0000-0000-0000-000000000101'),
('20000000-0000-0000-0000-000000000028', '00000000-0000-0000-0000-000000000001', '10000000-0000-0000-0000-000000000005', 'TK-6B', '6', 74, 'occupied', 940, 'USD', '00000000-0000-0000-0000-000000000101', '00000000-0000-0000-0000-000000000101'),
('20000000-0000-0000-0000-000000000029', '00000000-0000-0000-0000-000000000001', '10000000-0000-0000-0000-000000000005', 'TK-7A', '7', 92, 'vacant', 1200, 'USD', '00000000-0000-0000-0000-000000000101', '00000000-0000-0000-0000-000000000101'),
('20000000-0000-0000-0000-000000000030', '00000000-0000-0000-0000-000000000001', '10000000-0000-0000-0000-000000000005', 'TK-7B', '7', 92, 'occupied', 1220, 'USD', '00000000-0000-0000-0000-000000000101', '00000000-0000-0000-0000-000000000101'),
('20000000-0000-0000-0000-000000000031', '00000000-0000-0000-0000-000000000001', '10000000-0000-0000-0000-000000000006', 'RV-301', '3', 57, 'occupied', 880, 'USD', '00000000-0000-0000-0000-000000000101', '00000000-0000-0000-0000-000000000101'),
('20000000-0000-0000-0000-000000000032', '00000000-0000-0000-0000-000000000001', '10000000-0000-0000-0000-000000000006', 'RV-302', '3', 57, 'occupied', 880, 'USD', '00000000-0000-0000-0000-000000000101', '00000000-0000-0000-0000-000000000101'),
('20000000-0000-0000-0000-000000000033', '00000000-0000-0000-0000-000000000001', '10000000-0000-0000-0000-000000000006', 'RV-401', '4', 70, 'occupied', 1050, 'USD', '00000000-0000-0000-0000-000000000101', '00000000-0000-0000-0000-000000000101'),
('20000000-0000-0000-0000-000000000034', '00000000-0000-0000-0000-000000000001', '10000000-0000-0000-0000-000000000006', 'RV-402', '4', 70, 'occupied', 1050, 'USD', '00000000-0000-0000-0000-000000000101', '00000000-0000-0000-0000-000000000101'),
('20000000-0000-0000-0000-000000000035', '00000000-0000-0000-0000-000000000001', '10000000-0000-0000-0000-000000000006', 'RV-501', '5', 88, 'vacant', 1400, 'USD', '00000000-0000-0000-0000-000000000101', '00000000-0000-0000-0000-000000000101'),
('20000000-0000-0000-0000-000000000036', '00000000-0000-0000-0000-000000000001', '10000000-0000-0000-0000-000000000006', 'RV-G01', 'G', 34, 'maintenance', 680, 'USD', '00000000-0000-0000-0000-000000000101', '00000000-0000-0000-0000-000000000101');

INSERT INTO public.petty_cash_accounts (
  id,
  organization_id,
  account_number,
  name,
  float_amount,
  status,
  created_by,
  updated_by
)
VALUES (
  '91000000-0000-0000-0000-000000000001',
  '00000000-0000-0000-0000-000000000001',
  'PM-CASH',
  'Petty Cash PM',
  290,
  'active',
  '00000000-0000-0000-0000-000000000101',
  '00000000-0000-0000-0000-000000000101'
);

INSERT INTO public.petty_cash_periods (
  id,
  organization_id,
  account_id,
  period_start,
  opening_balance_amount,
  advance_amount,
  status,
  created_by,
  updated_by
)
VALUES (
  '92000000-0000-0000-0000-000000000001',
  '00000000-0000-0000-0000-000000000001',
  '91000000-0000-0000-0000-000000000001',
  '2026-07-01',
  0,
  290,
  'open',
  '00000000-0000-0000-0000-000000000101',
  '00000000-0000-0000-0000-000000000101'
);

INSERT INTO public.petty_cash_entries (
  id,
  organization_id,
  account_id,
  period_id,
  property_id,
  unit_id,
  invoice_date,
  clear_date,
  entry_kind,
  status,
  category,
  supplier,
  description,
  receipt_reference,
  out_amount,
  in_amount,
  remark,
  created_by,
  updated_by
)
VALUES
(
  '93000000-0000-0000-0000-000000000001',
  '00000000-0000-0000-0000-000000000001',
  '91000000-0000-0000-0000-000000000001',
  '92000000-0000-0000-0000-000000000001',
  NULL,
  NULL,
  '2026-07-01',
  '2026-07-01',
  'advance',
  'cleared',
  'Advance PM',
  'B. Sna',
  'Monthly petty cash advance for property management purchases.',
  NULL,
  0,
  290,
  'Opening advance from IPS template.',
  '00000000-0000-0000-0000-000000000101',
  '00000000-0000-0000-0000-000000000101'
),
(
  '93000000-0000-0000-0000-000000000002',
  '00000000-0000-0000-0000-000000000001',
  '91000000-0000-0000-0000-000000000001',
  '92000000-0000-0000-0000-000000000001',
  '10000000-0000-0000-0000-000000000004',
  '20000000-0000-0000-0000-000000000019',
  '2026-07-03',
  NULL,
  'expense',
  'cleared',
  'Repairs',
  'Local hardware shop',
  'Replacement bulbs and small supplies for Unit A-1203.',
  'INV-PC-0703-01',
  12,
  0,
  'Ready to post after receipt check.',
  '00000000-0000-0000-0000-000000000101',
  '00000000-0000-0000-0000-000000000101'
),
(
  '93000000-0000-0000-0000-000000000003',
  '00000000-0000-0000-0000-000000000001',
  '91000000-0000-0000-0000-000000000001',
  '92000000-0000-0000-0000-000000000001',
  '10000000-0000-0000-0000-000000000004',
  NULL,
  '2026-07-04',
  NULL,
  'expense',
  'draft',
  'Cleaning',
  'Mekong Cleaning Services',
  'Small hallway cleaning supplies for Bassac Garden.',
  NULL,
  18,
  0,
  'Receipt missing.',
  '00000000-0000-0000-0000-000000000101',
  '00000000-0000-0000-0000-000000000101'
);

INSERT INTO public.people (
  id,
  organization_id,
  display_name,
  legal_name,
  party_type,
  primary_email,
  primary_phone,
  notes,
  created_by,
  updated_by
)
VALUES
('80000000-0000-0000-0000-000000000001', '00000000-0000-0000-0000-000000000001', 'Dara Sok', 'Dara Sok', 'individual', 'dara.sok@example.com', '+855 12 482 119', 'Primary tenant for Central Residence 09A.', '00000000-0000-0000-0000-000000000101', '00000000-0000-0000-0000-000000000101'),
('80000000-0000-0000-0000-000000000002', '00000000-0000-0000-0000-000000000001', 'Srey Mom Chan', 'Srey Mom Chan', 'individual', 'sreymom.chan@example.com', '+855 15 730 224', 'Pays by bank transfer; prefers Telegram for reminders.', '00000000-0000-0000-0000-000000000101', '00000000-0000-0000-0000-000000000101'),
('80000000-0000-0000-0000-000000000003', '00000000-0000-0000-0000-000000000001', 'James Wilson', 'James Matthew Wilson', 'individual', 'james.wilson@example.com', '+855 89 246 810', 'Expat tenant; lease renewal review due in October.', '00000000-0000-0000-0000-000000000101', '00000000-0000-0000-0000-000000000101'),
('80000000-0000-0000-0000-000000000004', '00000000-0000-0000-0000-000000000001', 'Malis Seng', 'Malis Seng', 'individual', 'malis.seng@example.com', '+855 10 554 312', 'Notice given; move-out inspection planned for July.', '00000000-0000-0000-0000-000000000101', '00000000-0000-0000-0000-000000000101'),
('80000000-0000-0000-0000-000000000005', '00000000-0000-0000-0000-000000000001', 'Nary Ouk', 'Nary Ouk', 'individual', 'nary.ouk@example.com', '+855 92 681 503', 'Tenant at Northline 02A.', '00000000-0000-0000-0000-000000000101', '00000000-0000-0000-0000-000000000101'),
('80000000-0000-0000-0000-000000000006', '00000000-0000-0000-0000-000000000001', 'Kosal Vann', 'Kosal Vann', 'individual', 'kosal.vann@example.com', '+855 70 219 884', 'Keeps one parking space in the rear lot.', '00000000-0000-0000-0000-000000000101', '00000000-0000-0000-0000-000000000101'),
('80000000-0000-0000-0000-000000000007', '00000000-0000-0000-0000-000000000001', 'Sokha Trading Co.', 'Sokha Trading Company Ltd.', 'company', 'admin@sokhatrading.example.com', '+855 23 901 118', 'Company lease for Northline 03A staff housing.', '00000000-0000-0000-0000-000000000101', '00000000-0000-0000-0000-000000000101'),
('80000000-0000-0000-0000-000000000008', '00000000-0000-0000-0000-000000000001', 'Amina Rahman', 'Amina Rahman', 'individual', 'amina.rahman@example.com', '+855 96 782 4412', 'Tenant at Northline 03B; requests weekend service windows.', '00000000-0000-0000-0000-000000000101', '00000000-0000-0000-0000-000000000101'),
('80000000-0000-0000-0000-000000000009', '00000000-0000-0000-0000-000000000001', 'Heng Pich', 'Heng Pich', 'individual', 'heng.pich@example.com', '+855 16 345 672', 'Street 178 tenant; uses front desk key pickup.', '00000000-0000-0000-0000-000000000101', '00000000-0000-0000-0000-000000000101'),
('80000000-0000-0000-0000-000000000010', '00000000-0000-0000-0000-000000000001', 'Lina Mao', 'Lina Mao', 'individual', 'lina.mao@example.com', '+855 11 284 620', 'Recently renewed after rent review.', '00000000-0000-0000-0000-000000000101', '00000000-0000-0000-0000-000000000101'),
('80000000-0000-0000-0000-000000000011', '00000000-0000-0000-0000-000000000001', 'Rithy Chea', 'Rithy Chea', 'individual', 'rithy.chea@example.com', '+855 81 670 235', 'Tenant at Street 178 02-02.', '00000000-0000-0000-0000-000000000101', '00000000-0000-0000-0000-000000000101'),
('80000000-0000-0000-0000-000000000012', '00000000-0000-0000-0000-000000000001', 'Bopha Lim', 'Bopha Lim', 'individual', 'bopha.lim@example.com', '+855 99 441 729', 'Notice given; owner wants light refresh before relisting.', '00000000-0000-0000-0000-000000000101', '00000000-0000-0000-0000-000000000101'),
('80000000-0000-0000-0000-000000000013', '00000000-0000-0000-0000-000000000001', 'Arun Meas', 'Arun Meas', 'individual', 'arun.meas@example.com', '+855 12 773 508', 'Bassac Garden A-1203 tenant.', '00000000-0000-0000-0000-000000000101', '00000000-0000-0000-0000-000000000101'),
('80000000-0000-0000-0000-000000000014', '00000000-0000-0000-0000-000000000001', 'Claire Nguyen', 'Claire Nguyen', 'individual', 'claire.nguyen@example.com', '+855 87 909 345', 'Serviced apartment tenant; monthly housekeeping included.', '00000000-0000-0000-0000-000000000101', '00000000-0000-0000-0000-000000000101'),
('80000000-0000-0000-0000-000000000015', '00000000-0000-0000-0000-000000000001', 'Vannak Sun', 'Vannak Sun', 'individual', 'vannak.sun@example.com', '+855 93 222 690', 'Bassac Garden B-0801 tenant with parking add-on.', '00000000-0000-0000-0000-000000000101', '00000000-0000-0000-0000-000000000101'),
('80000000-0000-0000-0000-000000000016', '00000000-0000-0000-0000-000000000001', 'Sothea Kim', 'Sothea Kim', 'individual', 'sothea.kim@example.com', '+855 17 604 331', 'Bassac Garden B-0802 tenant.', '00000000-0000-0000-0000-000000000101', '00000000-0000-0000-0000-000000000101'),
('80000000-0000-0000-0000-000000000017', '00000000-0000-0000-0000-000000000001', 'Pidor Chen', 'Pidor Chen', 'individual', 'pidor.chen@example.com', '+855 86 455 119', 'Toul Kork Heights TK-5A tenant.', '00000000-0000-0000-0000-000000000101', '00000000-0000-0000-0000-000000000101'),
('80000000-0000-0000-0000-000000000018', '00000000-0000-0000-0000-000000000001', 'Mekong Design Studio', 'Mekong Design Studio Co., Ltd.', 'company', 'ops@mekongdesign.example.com', '+855 23 880 642', 'Retail lease for Northline R01.', '00000000-0000-0000-0000-000000000101', '00000000-0000-0000-0000-000000000101'),
('80000000-0000-0000-0000-000000000019', '00000000-0000-0000-0000-000000000001', 'Nita Vann', 'Nita Vann', 'individual', 'nita.vann@example.com', '+855 61 772 019', 'Toul Kork Heights TK-5B tenant.', '00000000-0000-0000-0000-000000000101', '00000000-0000-0000-0000-000000000101'),
('80000000-0000-0000-0000-000000000020', '00000000-0000-0000-0000-000000000001', 'Samnang Ly', 'Samnang Ly', 'individual', 'samnang.ly@example.com', '+855 98 376 221', 'Toul Kork Heights TK-6A tenant.', '00000000-0000-0000-0000-000000000101', '00000000-0000-0000-0000-000000000101'),
('80000000-0000-0000-0000-000000000021', '00000000-0000-0000-0000-000000000001', 'Chenda Phan', 'Chenda Phan', 'individual', 'chenda.phan@example.com', '+855 66 802 117', 'Toul Kork Heights TK-6B tenant.', '00000000-0000-0000-0000-000000000101', '00000000-0000-0000-0000-000000000101'),
('80000000-0000-0000-0000-000000000022', '00000000-0000-0000-0000-000000000001', 'Tola Hem', 'Tola Hem', 'individual', 'tola.hem@example.com', '+855 97 640 118', 'Toul Kork Heights TK-7B tenant.', '00000000-0000-0000-0000-000000000101', '00000000-0000-0000-0000-000000000101'),
('80000000-0000-0000-0000-000000000023', '00000000-0000-0000-0000-000000000001', 'Kanya Ros', 'Kanya Ros', 'individual', 'kanya.ros@example.com', '+855 12 634 555', 'Chroy Changvar RV-301 tenant.', '00000000-0000-0000-0000-000000000101', '00000000-0000-0000-0000-000000000101'),
('80000000-0000-0000-0000-000000000024', '00000000-0000-0000-0000-000000000001', 'David Lee', 'David Lee', 'individual', 'david.lee@example.com', '+855 95 331 420', 'Notice given at Chroy Changvar RV-402.', '00000000-0000-0000-0000-000000000101', '00000000-0000-0000-0000-000000000101'),
('80100000-0000-0000-0000-000000000001', '00000000-0000-0000-0000-000000000001', 'Sokha Family Holdings', 'Sokha Family Holdings Co., Ltd.', 'company', 'owners@sokhafamily.example.com', '+855 23 330 118', 'Owner of Central Residence.', '00000000-0000-0000-0000-000000000101', '00000000-0000-0000-0000-000000000101'),
('80100000-0000-0000-0000-000000000002', '00000000-0000-0000-0000-000000000001', 'Mekong Family Office', 'Mekong Family Office Ltd.', 'company', 'assets@mekongfamily.example.com', '+855 23 610 700', 'Owner of Northline Mixed Use.', '00000000-0000-0000-0000-000000000101', '00000000-0000-0000-0000-000000000101'),
('80100000-0000-0000-0000-000000000003', '00000000-0000-0000-0000-000000000001', 'Urban Key Assets', 'Urban Key Assets Co., Ltd.', 'company', 'office@urbankey.example.com', '+855 17 900 301', 'Owner of Street 178 Residence.', '00000000-0000-0000-0000-000000000101', '00000000-0000-0000-0000-000000000101'),
('80100000-0000-0000-0000-000000000004', '00000000-0000-0000-0000-000000000001', 'Bayon Living Co.', 'Bayon Living Company Ltd.', 'company', 'owner@bayonliving.example.com', '+855 23 455 880', 'Owner of Bassac Garden Apartments.', '00000000-0000-0000-0000-000000000101', '00000000-0000-0000-0000-000000000101'),
('80100000-0000-0000-0000-000000000005', '00000000-0000-0000-0000-000000000001', 'Tonle Bassac Partners', 'Tonle Bassac Partners Ltd.', 'company', 'partners@tonlebassac.example.com', '+855 12 990 118', 'Owner of Toul Kork Heights.', '00000000-0000-0000-0000-000000000101', '00000000-0000-0000-0000-000000000101'),
('80100000-0000-0000-0000-000000000006', '00000000-0000-0000-0000-000000000001', 'Riverside Asset Trust', 'Riverside Asset Trust', 'company', 'trust@riversideasset.example.com', '+855 23 701 884', 'Owner of Chroy Changvar River View.', '00000000-0000-0000-0000-000000000101', '00000000-0000-0000-0000-000000000101'),
('80200000-0000-0000-0000-000000000001', '00000000-0000-0000-0000-000000000001', 'Phnom Penh Plumbing Co.', 'Phnom Penh Plumbing Co., Ltd.', 'company', 'dispatch@ppplumbing.example.com', '+855 12 555 901', 'Preferred plumber for leaks, pumps, and drainage.', '00000000-0000-0000-0000-000000000101', '00000000-0000-0000-0000-000000000101'),
('80200000-0000-0000-0000-000000000002', '00000000-0000-0000-0000-000000000001', 'CoolAir Service Cambodia', 'CoolAir Service Cambodia Co., Ltd.', 'company', 'service@coolair.example.com', '+855 17 502 900', 'Quarterly AC cleaning and emergency cooling calls.', '00000000-0000-0000-0000-000000000101', '00000000-0000-0000-0000-000000000101'),
('80200000-0000-0000-0000-000000000003', '00000000-0000-0000-0000-000000000001', 'SecureLift Cambodia', 'SecureLift Cambodia Ltd.', 'company', 'support@securelift.example.com', '+855 23 884 770', 'Elevator servicing and emergency callbacks.', '00000000-0000-0000-0000-000000000101', '00000000-0000-0000-0000-000000000101'),
('80200000-0000-0000-0000-000000000004', '00000000-0000-0000-0000-000000000001', 'BrightLine Electrical', 'BrightLine Electrical Co.', 'company', 'jobs@brightline.example.com', '+855 10 330 772', 'Electrical repairs and common-area lighting.', '00000000-0000-0000-0000-000000000101', '00000000-0000-0000-0000-000000000101'),
('80200000-0000-0000-0000-000000000005', '00000000-0000-0000-0000-000000000001', 'Sokchea Locksmith', 'Sokchea Locksmith', 'company', 'keys@sokchealock.example.com', '+855 11 640 221', 'Lock changes, mailbox keys, and access control.', '00000000-0000-0000-0000-000000000101', '00000000-0000-0000-0000-000000000101'),
('80200000-0000-0000-0000-000000000006', '00000000-0000-0000-0000-000000000001', 'Green Pest Control', 'Green Pest Control Cambodia', 'company', 'booking@greenpest.example.com', '+855 92 451 109', 'Monthly pest-control route for apartments.', '00000000-0000-0000-0000-000000000101', '00000000-0000-0000-0000-000000000101'),
('80200000-0000-0000-0000-000000000007', '00000000-0000-0000-0000-000000000001', 'Mekong Cleaning Services', 'Mekong Cleaning Services Co.', 'company', 'ops@mekongclean.example.com', '+855 15 610 804', 'Housekeeping, move-out cleans, and common-area cleaning.', '00000000-0000-0000-0000-000000000101', '00000000-0000-0000-0000-000000000101'),
('80200000-0000-0000-0000-000000000008', '00000000-0000-0000-0000-000000000001', 'Glass & Door Works', 'Glass and Door Works Co.', 'company', 'repair@glassdoorworks.example.com', '+855 96 255 803', 'Door closers, hinges, aluminum frames, and glass panels.', '00000000-0000-0000-0000-000000000101', '00000000-0000-0000-0000-000000000101'),
('80300000-0000-0000-0000-000000000001', '00000000-0000-0000-0000-000000000001', 'Mony Rath', 'Mony Rath', 'individual', 'mony.rath@example.com', '+855 12 700 410', 'Admin and owner reporting lead.', '00000000-0000-0000-0000-000000000101', '00000000-0000-0000-0000-000000000101'),
('80300000-0000-0000-0000-000000000002', '00000000-0000-0000-0000-000000000001', 'Sophal Touch', 'Sophal Touch', 'individual', 'sophal.touch@example.com', '+855 93 730 900', 'Maintenance coordinator for central portfolio.', '00000000-0000-0000-0000-000000000101', '00000000-0000-0000-0000-000000000101'),
('80300000-0000-0000-0000-000000000003', '00000000-0000-0000-0000-000000000001', 'Pich Dara', 'Pich Dara', 'individual', 'pich.dara@example.com', '+855 15 229 441', 'Field technician for inspections and vendor access.', '00000000-0000-0000-0000-000000000101', '00000000-0000-0000-0000-000000000101'),
('80300000-0000-0000-0000-000000000004', '00000000-0000-0000-0000-000000000001', 'Sina Prak', 'Sina Prak', 'individual', 'sina.prak@example.com', '+855 70 812 664', 'Leasing desk and renewal follow-up.', '00000000-0000-0000-0000-000000000101', '00000000-0000-0000-0000-000000000101'),
('80300000-0000-0000-0000-000000000005', '00000000-0000-0000-0000-000000000001', 'Mara Chhim', 'Mara Chhim', 'individual', 'mara.chhim@example.com', '+855 10 884 200', 'Accounting assistant for rent receipts and owner statements.', '00000000-0000-0000-0000-000000000101', '00000000-0000-0000-0000-000000000101');

INSERT INTO public.organization_members (
  id,
  organization_id,
  user_id,
  role,
  person_id,
  branch_id
)
VALUES
(
  '00000000-0000-0000-0000-000000000201',
  '00000000-0000-0000-0000-000000000001',
  '00000000-0000-0000-0000-000000000101',
  'admin',
  '80300000-0000-0000-0000-000000000001',
  '00000000-0000-0000-0000-000000000211'
),
(
  '00000000-0000-0000-0000-000000000401',
  '00000000-0000-0000-0000-000000000002',
  '00000000-0000-0000-0000-000000000301',
  'admin',
  null,
  null
);

INSERT INTO public.person_roles (
  id,
  organization_id,
  person_id,
  role,
  status,
  created_by,
  updated_by
)
VALUES
('81000000-0000-0000-0000-000000000001', '00000000-0000-0000-0000-000000000001', '80000000-0000-0000-0000-000000000001', 'tenant', 'active', '00000000-0000-0000-0000-000000000101', '00000000-0000-0000-0000-000000000101'),
('81000000-0000-0000-0000-000000000002', '00000000-0000-0000-0000-000000000001', '80000000-0000-0000-0000-000000000002', 'tenant', 'active', '00000000-0000-0000-0000-000000000101', '00000000-0000-0000-0000-000000000101'),
('81000000-0000-0000-0000-000000000003', '00000000-0000-0000-0000-000000000001', '80000000-0000-0000-0000-000000000003', 'tenant', 'active', '00000000-0000-0000-0000-000000000101', '00000000-0000-0000-0000-000000000101'),
('81000000-0000-0000-0000-000000000004', '00000000-0000-0000-0000-000000000001', '80000000-0000-0000-0000-000000000004', 'tenant', 'active', '00000000-0000-0000-0000-000000000101', '00000000-0000-0000-0000-000000000101'),
('81000000-0000-0000-0000-000000000005', '00000000-0000-0000-0000-000000000001', '80000000-0000-0000-0000-000000000005', 'tenant', 'active', '00000000-0000-0000-0000-000000000101', '00000000-0000-0000-0000-000000000101'),
('81000000-0000-0000-0000-000000000006', '00000000-0000-0000-0000-000000000001', '80000000-0000-0000-0000-000000000006', 'tenant', 'active', '00000000-0000-0000-0000-000000000101', '00000000-0000-0000-0000-000000000101'),
('81000000-0000-0000-0000-000000000007', '00000000-0000-0000-0000-000000000001', '80000000-0000-0000-0000-000000000007', 'tenant', 'active', '00000000-0000-0000-0000-000000000101', '00000000-0000-0000-0000-000000000101'),
('81000000-0000-0000-0000-000000000008', '00000000-0000-0000-0000-000000000001', '80000000-0000-0000-0000-000000000008', 'tenant', 'active', '00000000-0000-0000-0000-000000000101', '00000000-0000-0000-0000-000000000101'),
('81000000-0000-0000-0000-000000000009', '00000000-0000-0000-0000-000000000001', '80000000-0000-0000-0000-000000000009', 'tenant', 'active', '00000000-0000-0000-0000-000000000101', '00000000-0000-0000-0000-000000000101'),
('81000000-0000-0000-0000-000000000010', '00000000-0000-0000-0000-000000000001', '80000000-0000-0000-0000-000000000010', 'tenant', 'active', '00000000-0000-0000-0000-000000000101', '00000000-0000-0000-0000-000000000101'),
('81000000-0000-0000-0000-000000000011', '00000000-0000-0000-0000-000000000001', '80000000-0000-0000-0000-000000000011', 'tenant', 'active', '00000000-0000-0000-0000-000000000101', '00000000-0000-0000-0000-000000000101'),
('81000000-0000-0000-0000-000000000012', '00000000-0000-0000-0000-000000000001', '80000000-0000-0000-0000-000000000012', 'tenant', 'active', '00000000-0000-0000-0000-000000000101', '00000000-0000-0000-0000-000000000101'),
('81000000-0000-0000-0000-000000000013', '00000000-0000-0000-0000-000000000001', '80000000-0000-0000-0000-000000000013', 'tenant', 'active', '00000000-0000-0000-0000-000000000101', '00000000-0000-0000-0000-000000000101'),
('81000000-0000-0000-0000-000000000014', '00000000-0000-0000-0000-000000000001', '80000000-0000-0000-0000-000000000014', 'tenant', 'active', '00000000-0000-0000-0000-000000000101', '00000000-0000-0000-0000-000000000101'),
('81000000-0000-0000-0000-000000000015', '00000000-0000-0000-0000-000000000001', '80000000-0000-0000-0000-000000000015', 'tenant', 'active', '00000000-0000-0000-0000-000000000101', '00000000-0000-0000-0000-000000000101'),
('81000000-0000-0000-0000-000000000016', '00000000-0000-0000-0000-000000000001', '80000000-0000-0000-0000-000000000016', 'tenant', 'active', '00000000-0000-0000-0000-000000000101', '00000000-0000-0000-0000-000000000101'),
('81000000-0000-0000-0000-000000000017', '00000000-0000-0000-0000-000000000001', '80000000-0000-0000-0000-000000000017', 'tenant', 'active', '00000000-0000-0000-0000-000000000101', '00000000-0000-0000-0000-000000000101'),
('81000000-0000-0000-0000-000000000018', '00000000-0000-0000-0000-000000000001', '80000000-0000-0000-0000-000000000018', 'tenant', 'active', '00000000-0000-0000-0000-000000000101', '00000000-0000-0000-0000-000000000101'),
('81000000-0000-0000-0000-000000000019', '00000000-0000-0000-0000-000000000001', '80000000-0000-0000-0000-000000000019', 'tenant', 'active', '00000000-0000-0000-0000-000000000101', '00000000-0000-0000-0000-000000000101'),
('81000000-0000-0000-0000-000000000020', '00000000-0000-0000-0000-000000000001', '80000000-0000-0000-0000-000000000020', 'tenant', 'active', '00000000-0000-0000-0000-000000000101', '00000000-0000-0000-0000-000000000101'),
('81000000-0000-0000-0000-000000000021', '00000000-0000-0000-0000-000000000001', '80000000-0000-0000-0000-000000000021', 'tenant', 'active', '00000000-0000-0000-0000-000000000101', '00000000-0000-0000-0000-000000000101'),
('81000000-0000-0000-0000-000000000022', '00000000-0000-0000-0000-000000000001', '80000000-0000-0000-0000-000000000022', 'tenant', 'active', '00000000-0000-0000-0000-000000000101', '00000000-0000-0000-0000-000000000101'),
('81000000-0000-0000-0000-000000000023', '00000000-0000-0000-0000-000000000001', '80000000-0000-0000-0000-000000000023', 'tenant', 'active', '00000000-0000-0000-0000-000000000101', '00000000-0000-0000-0000-000000000101'),
('81000000-0000-0000-0000-000000000024', '00000000-0000-0000-0000-000000000001', '80000000-0000-0000-0000-000000000024', 'tenant', 'active', '00000000-0000-0000-0000-000000000101', '00000000-0000-0000-0000-000000000101'),
('81100000-0000-0000-0000-000000000001', '00000000-0000-0000-0000-000000000001', '80100000-0000-0000-0000-000000000001', 'owner', 'active', '00000000-0000-0000-0000-000000000101', '00000000-0000-0000-0000-000000000101'),
('81100000-0000-0000-0000-000000000002', '00000000-0000-0000-0000-000000000001', '80100000-0000-0000-0000-000000000002', 'owner', 'active', '00000000-0000-0000-0000-000000000101', '00000000-0000-0000-0000-000000000101'),
('81100000-0000-0000-0000-000000000003', '00000000-0000-0000-0000-000000000001', '80100000-0000-0000-0000-000000000003', 'owner', 'active', '00000000-0000-0000-0000-000000000101', '00000000-0000-0000-0000-000000000101'),
('81100000-0000-0000-0000-000000000004', '00000000-0000-0000-0000-000000000001', '80100000-0000-0000-0000-000000000004', 'owner', 'active', '00000000-0000-0000-0000-000000000101', '00000000-0000-0000-0000-000000000101'),
('81100000-0000-0000-0000-000000000005', '00000000-0000-0000-0000-000000000001', '80100000-0000-0000-0000-000000000005', 'owner', 'active', '00000000-0000-0000-0000-000000000101', '00000000-0000-0000-0000-000000000101'),
('81100000-0000-0000-0000-000000000006', '00000000-0000-0000-0000-000000000001', '80100000-0000-0000-0000-000000000006', 'owner', 'active', '00000000-0000-0000-0000-000000000101', '00000000-0000-0000-0000-000000000101'),
('81200000-0000-0000-0000-000000000001', '00000000-0000-0000-0000-000000000001', '80200000-0000-0000-0000-000000000001', 'vendor', 'active', '00000000-0000-0000-0000-000000000101', '00000000-0000-0000-0000-000000000101'),
('81200000-0000-0000-0000-000000000002', '00000000-0000-0000-0000-000000000001', '80200000-0000-0000-0000-000000000002', 'vendor', 'active', '00000000-0000-0000-0000-000000000101', '00000000-0000-0000-0000-000000000101'),
('81200000-0000-0000-0000-000000000003', '00000000-0000-0000-0000-000000000001', '80200000-0000-0000-0000-000000000003', 'vendor', 'active', '00000000-0000-0000-0000-000000000101', '00000000-0000-0000-0000-000000000101'),
('81200000-0000-0000-0000-000000000004', '00000000-0000-0000-0000-000000000001', '80200000-0000-0000-0000-000000000004', 'vendor', 'active', '00000000-0000-0000-0000-000000000101', '00000000-0000-0000-0000-000000000101'),
('81200000-0000-0000-0000-000000000005', '00000000-0000-0000-0000-000000000001', '80200000-0000-0000-0000-000000000005', 'vendor', 'active', '00000000-0000-0000-0000-000000000101', '00000000-0000-0000-0000-000000000101'),
('81200000-0000-0000-0000-000000000006', '00000000-0000-0000-0000-000000000001', '80200000-0000-0000-0000-000000000006', 'vendor', 'active', '00000000-0000-0000-0000-000000000101', '00000000-0000-0000-0000-000000000101'),
('81200000-0000-0000-0000-000000000007', '00000000-0000-0000-0000-000000000001', '80200000-0000-0000-0000-000000000007', 'vendor', 'active', '00000000-0000-0000-0000-000000000101', '00000000-0000-0000-0000-000000000101'),
('81200000-0000-0000-0000-000000000008', '00000000-0000-0000-0000-000000000001', '80200000-0000-0000-0000-000000000008', 'vendor', 'active', '00000000-0000-0000-0000-000000000101', '00000000-0000-0000-0000-000000000101'),
('81300000-0000-0000-0000-000000000001', '00000000-0000-0000-0000-000000000001', '80300000-0000-0000-0000-000000000001', 'staff', 'active', '00000000-0000-0000-0000-000000000101', '00000000-0000-0000-0000-000000000101'),
('81300000-0000-0000-0000-000000000002', '00000000-0000-0000-0000-000000000001', '80300000-0000-0000-0000-000000000002', 'staff', 'active', '00000000-0000-0000-0000-000000000101', '00000000-0000-0000-0000-000000000101'),
('81300000-0000-0000-0000-000000000003', '00000000-0000-0000-0000-000000000001', '80300000-0000-0000-0000-000000000003', 'staff', 'active', '00000000-0000-0000-0000-000000000101', '00000000-0000-0000-0000-000000000101'),
('81300000-0000-0000-0000-000000000004', '00000000-0000-0000-0000-000000000001', '80300000-0000-0000-0000-000000000004', 'staff', 'active', '00000000-0000-0000-0000-000000000101', '00000000-0000-0000-0000-000000000101'),
('81300000-0000-0000-0000-000000000005', '00000000-0000-0000-0000-000000000001', '80300000-0000-0000-0000-000000000005', 'staff', 'active', '00000000-0000-0000-0000-000000000101', '00000000-0000-0000-0000-000000000101');

WITH contact_seed AS (
  SELECT
    people.*,
    row_number() OVER (ORDER BY people.id) AS contact_number
  FROM public.people
  WHERE people.organization_id = '00000000-0000-0000-0000-000000000001'
)
INSERT INTO public.person_contacts (
  id,
  organization_id,
  person_id,
  contact_name,
  contact_type,
  email,
  phone,
  is_primary,
  notes,
  created_by,
  updated_by
)
SELECT
  ('82000000-0000-0000-0000-' || lpad(contact_number::text, 12, '0'))::uuid,
  organization_id,
  id,
  NULL,
  CASE WHEN party_type = 'company' THEN 'general' ELSE 'mobile' END,
  primary_email,
  primary_phone,
  true,
  'Primary operating contact from local seed.',
  '00000000-0000-0000-0000-000000000101',
  '00000000-0000-0000-0000-000000000101'
FROM contact_seed;

INSERT INTO public.property_owners (
  id,
  organization_id,
  property_id,
  person_id,
  ownership_label,
  ownership_percent,
  is_primary,
  started_on,
  created_by,
  updated_by
)
VALUES
('83000000-0000-0000-0000-000000000001', '00000000-0000-0000-0000-000000000001', '10000000-0000-0000-0000-000000000001', '80100000-0000-0000-0000-000000000001', 'Beneficial owner', 100, true, '2021-03-18', '00000000-0000-0000-0000-000000000101', '00000000-0000-0000-0000-000000000101'),
('83000000-0000-0000-0000-000000000002', '00000000-0000-0000-0000-000000000001', '10000000-0000-0000-0000-000000000002', '80100000-0000-0000-0000-000000000002', 'Asset owner', 100, true, '2020-08-01', '00000000-0000-0000-0000-000000000101', '00000000-0000-0000-0000-000000000101'),
('83000000-0000-0000-0000-000000000003', '00000000-0000-0000-0000-000000000001', '10000000-0000-0000-0000-000000000003', '80100000-0000-0000-0000-000000000003', 'Owner representative', 100, true, '2019-11-15', '00000000-0000-0000-0000-000000000101', '00000000-0000-0000-0000-000000000101'),
('83000000-0000-0000-0000-000000000004', '00000000-0000-0000-0000-000000000001', '10000000-0000-0000-0000-000000000004', '80100000-0000-0000-0000-000000000004', 'Owner', 100, true, '2022-02-10', '00000000-0000-0000-0000-000000000101', '00000000-0000-0000-0000-000000000101'),
('83000000-0000-0000-0000-000000000005', '00000000-0000-0000-0000-000000000001', '10000000-0000-0000-0000-000000000005', '80100000-0000-0000-0000-000000000005', 'Investment partner', 100, true, '2023-05-22', '00000000-0000-0000-0000-000000000101', '00000000-0000-0000-0000-000000000101'),
('83000000-0000-0000-0000-000000000006', '00000000-0000-0000-0000-000000000001', '10000000-0000-0000-0000-000000000006', '80100000-0000-0000-0000-000000000006', 'Trust owner', 100, true, '2021-12-01', '00000000-0000-0000-0000-000000000101', '00000000-0000-0000-0000-000000000101');

INSERT INTO public.vendor_profiles (
  id,
  organization_id,
  person_id,
  service_category,
  service_area,
  preferred,
  status,
  created_by,
  updated_by
)
VALUES
('84000000-0000-0000-0000-000000000001', '00000000-0000-0000-0000-000000000001', '80200000-0000-0000-0000-000000000001', 'Plumbing', 'Phnom Penh central districts', true, 'active', '00000000-0000-0000-0000-000000000101', '00000000-0000-0000-0000-000000000101'),
('84000000-0000-0000-0000-000000000002', '00000000-0000-0000-0000-000000000001', '80200000-0000-0000-0000-000000000002', 'AC service', 'BKK, Bassac, Toul Kork', true, 'active', '00000000-0000-0000-0000-000000000101', '00000000-0000-0000-0000-000000000101'),
('84000000-0000-0000-0000-000000000003', '00000000-0000-0000-0000-000000000001', '80200000-0000-0000-0000-000000000003', 'Elevator repair', 'Toul Kork and mixed-use assets', true, 'active', '00000000-0000-0000-0000-000000000101', '00000000-0000-0000-0000-000000000101'),
('84000000-0000-0000-0000-000000000004', '00000000-0000-0000-0000-000000000001', '80200000-0000-0000-0000-000000000004', 'Electrical', 'All properties', true, 'active', '00000000-0000-0000-0000-000000000101', '00000000-0000-0000-0000-000000000101'),
('84000000-0000-0000-0000-000000000005', '00000000-0000-0000-0000-000000000001', '80200000-0000-0000-0000-000000000005', 'Locksmith', 'Daun Penh and BKK', false, 'active', '00000000-0000-0000-0000-000000000101', '00000000-0000-0000-0000-000000000101'),
('84000000-0000-0000-0000-000000000006', '00000000-0000-0000-0000-000000000001', '80200000-0000-0000-0000-000000000006', 'Pest control', 'Monthly route', true, 'active', '00000000-0000-0000-0000-000000000101', '00000000-0000-0000-0000-000000000101'),
('84000000-0000-0000-0000-000000000007', '00000000-0000-0000-0000-000000000001', '80200000-0000-0000-0000-000000000007', 'Cleaning', 'Serviced apartment and move-out cleaning', true, 'active', '00000000-0000-0000-0000-000000000101', '00000000-0000-0000-0000-000000000101'),
('84000000-0000-0000-0000-000000000008', '00000000-0000-0000-0000-000000000001', '80200000-0000-0000-0000-000000000008', 'Doors and glass', 'All properties', false, 'active', '00000000-0000-0000-0000-000000000101', '00000000-0000-0000-0000-000000000101');

INSERT INTO public.leases (
  id,
  organization_id,
  property_id,
  unit_id,
  tenant_name,
  lease_start_date,
  lease_end_date,
  monthly_rent_amount,
  monthly_rent_currency,
  deposit_amount,
  deposit_currency,
  status,
  primary_tenant_person_id,
  created_by,
  updated_by
)
VALUES
('30000000-0000-0000-0000-000000000001', '00000000-0000-0000-0000-000000000001', '10000000-0000-0000-0000-000000000001', '20000000-0000-0000-0000-000000000001', 'Dara Sok', '2025-08-01', '2026-07-31', 780, 'USD', 1560, 'USD', 'active', '80000000-0000-0000-0000-000000000001', '00000000-0000-0000-0000-000000000101', '00000000-0000-0000-0000-000000000101'),
('30000000-0000-0000-0000-000000000002', '00000000-0000-0000-0000-000000000001', '10000000-0000-0000-0000-000000000001', '20000000-0000-0000-0000-000000000002', 'Srey Mom Chan', '2026-02-01', '2027-01-31', 640, 'USD', 1280, 'USD', 'active', '80000000-0000-0000-0000-000000000002', '00000000-0000-0000-0000-000000000101', '00000000-0000-0000-0000-000000000101'),
('30000000-0000-0000-0000-000000000003', '00000000-0000-0000-0000-000000000001', '10000000-0000-0000-0000-000000000001', '20000000-0000-0000-0000-000000000003', 'James Wilson', '2025-11-15', '2026-11-14', 900, 'USD', 1800, 'USD', 'active', '80000000-0000-0000-0000-000000000003', '00000000-0000-0000-0000-000000000101', '00000000-0000-0000-0000-000000000101'),
('30000000-0000-0000-0000-000000000004', '00000000-0000-0000-0000-000000000001', '10000000-0000-0000-0000-000000000001', '20000000-0000-0000-0000-000000000004', 'Malis Seng', '2025-07-01', '2026-07-31', 690, 'USD', 1380, 'USD', 'notice_given', '80000000-0000-0000-0000-000000000004', '00000000-0000-0000-0000-000000000101', '00000000-0000-0000-0000-000000000101'),
('30000000-0000-0000-0000-000000000005', '00000000-0000-0000-0000-000000000001', '10000000-0000-0000-0000-000000000002', '20000000-0000-0000-0000-000000000007', 'Nary Ouk', '2025-12-01', '2026-11-30', 620, 'USD', 1240, 'USD', 'active', '80000000-0000-0000-0000-000000000005', '00000000-0000-0000-0000-000000000101', '00000000-0000-0000-0000-000000000101'),
('30000000-0000-0000-0000-000000000006', '00000000-0000-0000-0000-000000000001', '10000000-0000-0000-0000-000000000002', '20000000-0000-0000-0000-000000000008', 'Kosal Vann', '2026-03-01', '2027-02-28', 650, 'USD', 1300, 'USD', 'active', '80000000-0000-0000-0000-000000000006', '00000000-0000-0000-0000-000000000101', '00000000-0000-0000-0000-000000000101'),
('30000000-0000-0000-0000-000000000007', '00000000-0000-0000-0000-000000000001', '10000000-0000-0000-0000-000000000002', '20000000-0000-0000-0000-000000000009', 'Sokha Trading Co.', '2025-09-01', '2026-08-31', 1250, 'USD', 2500, 'USD', 'active', '80000000-0000-0000-0000-000000000007', '00000000-0000-0000-0000-000000000101', '00000000-0000-0000-0000-000000000101'),
('30000000-0000-0000-0000-000000000008', '00000000-0000-0000-0000-000000000001', '10000000-0000-0000-0000-000000000002', '20000000-0000-0000-0000-000000000010', 'Amina Rahman', '2025-10-01', '2026-09-30', 1380, 'USD', 2760, 'USD', 'active', '80000000-0000-0000-0000-000000000008', '00000000-0000-0000-0000-000000000101', '00000000-0000-0000-0000-000000000101'),
('30000000-0000-0000-0000-000000000009', '00000000-0000-0000-0000-000000000001', '10000000-0000-0000-0000-000000000002', '20000000-0000-0000-0000-000000000011', 'Mekong Design Studio', '2025-04-01', '2027-03-31', 2400, 'USD', 7200, 'USD', 'active', '80000000-0000-0000-0000-000000000018', '00000000-0000-0000-0000-000000000101', '00000000-0000-0000-0000-000000000101'),
('30000000-0000-0000-0000-000000000010', '00000000-0000-0000-0000-000000000001', '10000000-0000-0000-0000-000000000003', '20000000-0000-0000-0000-000000000013', 'Heng Pich', '2025-06-01', '2026-11-30', 560, 'USD', 1120, 'USD', 'active', '80000000-0000-0000-0000-000000000009', '00000000-0000-0000-0000-000000000101', '00000000-0000-0000-0000-000000000101'),
('30000000-0000-0000-0000-000000000011', '00000000-0000-0000-0000-000000000001', '10000000-0000-0000-0000-000000000003', '20000000-0000-0000-0000-000000000015', 'Lina Mao', '2026-01-01', '2026-12-31', 720, 'USD', 1440, 'USD', 'active', '80000000-0000-0000-0000-000000000010', '00000000-0000-0000-0000-000000000101', '00000000-0000-0000-0000-000000000101'),
('30000000-0000-0000-0000-000000000012', '00000000-0000-0000-0000-000000000001', '10000000-0000-0000-0000-000000000003', '20000000-0000-0000-0000-000000000016', 'Rithy Chea', '2025-09-15', '2026-09-14', 720, 'USD', 1440, 'USD', 'active', '80000000-0000-0000-0000-000000000011', '00000000-0000-0000-0000-000000000101', '00000000-0000-0000-0000-000000000101'),
('30000000-0000-0000-0000-000000000013', '00000000-0000-0000-0000-000000000001', '10000000-0000-0000-0000-000000000003', '20000000-0000-0000-0000-000000000017', 'Bopha Lim', '2025-07-15', '2026-07-14', 860, 'USD', 1720, 'USD', 'notice_given', '80000000-0000-0000-0000-000000000012', '00000000-0000-0000-0000-000000000101', '00000000-0000-0000-0000-000000000101'),
('30000000-0000-0000-0000-000000000014', '00000000-0000-0000-0000-000000000001', '10000000-0000-0000-0000-000000000004', '20000000-0000-0000-0000-000000000019', 'Arun Meas', '2025-12-01', '2026-11-30', 1150, 'USD', 2300, 'USD', 'active', '80000000-0000-0000-0000-000000000013', '00000000-0000-0000-0000-000000000101', '00000000-0000-0000-0000-000000000101'),
('30000000-0000-0000-0000-000000000015', '00000000-0000-0000-0000-000000000001', '10000000-0000-0000-0000-000000000004', '20000000-0000-0000-0000-000000000020', 'Claire Nguyen', '2026-02-15', '2027-02-14', 1180, 'USD', 2360, 'USD', 'active', '80000000-0000-0000-0000-000000000014', '00000000-0000-0000-0000-000000000101', '00000000-0000-0000-0000-000000000101'),
('30000000-0000-0000-0000-000000000016', '00000000-0000-0000-0000-000000000001', '10000000-0000-0000-0000-000000000004', '20000000-0000-0000-0000-000000000021', 'Vannak Sun', '2025-05-01', '2026-10-31', 1500, 'USD', 3000, 'USD', 'active', '80000000-0000-0000-0000-000000000015', '00000000-0000-0000-0000-000000000101', '00000000-0000-0000-0000-000000000101'),
('30000000-0000-0000-0000-000000000017', '00000000-0000-0000-0000-000000000001', '10000000-0000-0000-0000-000000000004', '20000000-0000-0000-0000-000000000022', 'Sothea Kim', '2025-08-01', '2026-07-31', 1520, 'USD', 3040, 'USD', 'active', '80000000-0000-0000-0000-000000000016', '00000000-0000-0000-0000-000000000101', '00000000-0000-0000-0000-000000000101'),
('30000000-0000-0000-0000-000000000018', '00000000-0000-0000-0000-000000000001', '10000000-0000-0000-0000-000000000005', '20000000-0000-0000-0000-000000000025', 'Pidor Chen', '2026-01-15', '2027-01-14', 760, 'USD', 1520, 'USD', 'active', '80000000-0000-0000-0000-000000000017', '00000000-0000-0000-0000-000000000101', '00000000-0000-0000-0000-000000000101'),
('30000000-0000-0000-0000-000000000019', '00000000-0000-0000-0000-000000000001', '10000000-0000-0000-0000-000000000005', '20000000-0000-0000-0000-000000000026', 'Nita Vann', '2025-10-15', '2026-10-14', 760, 'USD', 1520, 'USD', 'active', '80000000-0000-0000-0000-000000000019', '00000000-0000-0000-0000-000000000101', '00000000-0000-0000-0000-000000000101'),
('30000000-0000-0000-0000-000000000020', '00000000-0000-0000-0000-000000000001', '10000000-0000-0000-0000-000000000005', '20000000-0000-0000-0000-000000000027', 'Samnang Ly', '2026-04-01', '2027-03-31', 940, 'USD', 1880, 'USD', 'active', '80000000-0000-0000-0000-000000000020', '00000000-0000-0000-0000-000000000101', '00000000-0000-0000-0000-000000000101'),
('30000000-0000-0000-0000-000000000021', '00000000-0000-0000-0000-000000000001', '10000000-0000-0000-0000-000000000005', '20000000-0000-0000-0000-000000000028', 'Chenda Phan', '2026-03-15', '2027-03-14', 940, 'USD', 1880, 'USD', 'active', '80000000-0000-0000-0000-000000000021', '00000000-0000-0000-0000-000000000101', '00000000-0000-0000-0000-000000000101'),
('30000000-0000-0000-0000-000000000022', '00000000-0000-0000-0000-000000000001', '10000000-0000-0000-0000-000000000005', '20000000-0000-0000-0000-000000000030', 'Tola Hem', '2025-07-01', '2026-12-31', 1220, 'USD', 2440, 'USD', 'active', '80000000-0000-0000-0000-000000000022', '00000000-0000-0000-0000-000000000101', '00000000-0000-0000-0000-000000000101'),
('30000000-0000-0000-0000-000000000023', '00000000-0000-0000-0000-000000000001', '10000000-0000-0000-0000-000000000006', '20000000-0000-0000-0000-000000000031', 'Kanya Ros', '2025-09-01', '2026-08-31', 880, 'USD', 1760, 'USD', 'active', '80000000-0000-0000-0000-000000000023', '00000000-0000-0000-0000-000000000101', '00000000-0000-0000-0000-000000000101'),
('30000000-0000-0000-0000-000000000024', '00000000-0000-0000-0000-000000000001', '10000000-0000-0000-0000-000000000006', '20000000-0000-0000-0000-000000000034', 'David Lee', '2025-06-01', '2026-07-31', 1050, 'USD', 2100, 'USD', 'notice_given', '80000000-0000-0000-0000-000000000024', '00000000-0000-0000-0000-000000000101', '00000000-0000-0000-0000-000000000101');

INSERT INTO public.lease_parties (
  id,
  organization_id,
  lease_id,
  person_id,
  party_role,
  is_primary,
  started_on,
  created_by,
  updated_by
)
SELECT
  ('85000000-0000-0000-0000-' || right(leases.id::text, 12))::uuid,
  leases.organization_id,
  leases.id,
  leases.primary_tenant_person_id,
  'primary_tenant',
  true,
  leases.lease_start_date,
  '00000000-0000-0000-0000-000000000101',
  '00000000-0000-0000-0000-000000000101'
FROM public.leases
WHERE leases.organization_id = '00000000-0000-0000-0000-000000000001';

INSERT INTO public.lease_terms (
  id,
  organization_id,
  lease_id,
  term_sequence,
  start_date,
  end_date,
  rent_amount,
  rent_currency,
  rent_due_day,
  payment_frequency,
  status,
  notice_date,
  created_by,
  updated_by
)
SELECT
  ('86000000-0000-0000-0000-' || right(id::text, 12))::uuid,
  organization_id,
  id,
  1,
  lease_start_date,
  lease_end_date,
  monthly_rent_amount,
  monthly_rent_currency,
  CASE WHEN monthly_rent_amount >= 2000 THEN 5 ELSE 1 END,
  'monthly',
  'active',
  CASE WHEN status = 'notice_given' THEN date '2026-06-15' ELSE NULL END,
  '00000000-0000-0000-0000-000000000101',
  '00000000-0000-0000-0000-000000000101'
FROM public.leases
WHERE organization_id = '00000000-0000-0000-0000-000000000001';

INSERT INTO public.lease_occupancies (
  id,
  organization_id,
  lease_id,
  property_id,
  unit_id,
  status,
  scheduled_move_in_date,
  actual_move_in_date,
  notice_date,
  scheduled_move_out_date,
  created_by,
  updated_by
)
SELECT
  ('87000000-0000-0000-0000-' || right(id::text, 12))::uuid,
  organization_id,
  id,
  property_id,
  unit_id,
  CASE WHEN status = 'notice_given' THEN 'notice_given' ELSE 'occupied' END,
  lease_start_date,
  lease_start_date,
  CASE WHEN status = 'notice_given' THEN date '2026-06-15' ELSE NULL END,
  CASE WHEN status = 'notice_given' THEN lease_end_date ELSE NULL END,
  '00000000-0000-0000-0000-000000000101',
  '00000000-0000-0000-0000-000000000101'
FROM public.leases
WHERE organization_id = '00000000-0000-0000-0000-000000000001';

INSERT INTO public.lease_deposits (
  id,
  organization_id,
  lease_id,
  deposit_type,
  amount,
  currency,
  status,
  received_on,
  notes,
  created_by,
  updated_by
)
SELECT
  ('88000000-0000-0000-0000-' || right(id::text, 12))::uuid,
  organization_id,
  id,
  'Security deposit',
  deposit_amount,
  deposit_currency,
  'held',
  lease_start_date,
  'Held against lease obligations; amount follows local one-to-three-month deposit practice.',
  '00000000-0000-0000-0000-000000000101',
  '00000000-0000-0000-0000-000000000101'
FROM public.leases
WHERE organization_id = '00000000-0000-0000-0000-000000000001'
  AND deposit_amount IS NOT NULL
  AND deposit_currency IS NOT NULL;

INSERT INTO public.ledger_entries (
  id,
  organization_id,
  property_id,
  unit_id,
  transaction_date,
  direction,
  category,
  amount,
  currency,
  description,
  created_by,
  updated_by
)
VALUES
('40000000-0000-0000-0000-000000000001', '00000000-0000-0000-0000-000000000001', '10000000-0000-0000-0000-000000000001', '20000000-0000-0000-0000-000000000001', '2026-07-01', 'income', 'Rent', 780, 'USD', 'July rent received for Central Residence 09A.', '00000000-0000-0000-0000-000000000101', '00000000-0000-0000-0000-000000000101'),
('40000000-0000-0000-0000-000000000002', '00000000-0000-0000-0000-000000000001', '10000000-0000-0000-0000-000000000001', '20000000-0000-0000-0000-000000000002', '2026-07-01', 'income', 'Rent', 640, 'USD', 'July rent received for Central Residence 09B.', '00000000-0000-0000-0000-000000000101', '00000000-0000-0000-0000-000000000101'),
('40000000-0000-0000-0000-000000000003', '00000000-0000-0000-0000-000000000001', '10000000-0000-0000-0000-000000000002', '20000000-0000-0000-0000-000000000011', '2026-07-05', 'income', 'Commercial rent', 2400, 'USD', 'July commercial rent for Northline R01.', '00000000-0000-0000-0000-000000000101', '00000000-0000-0000-0000-000000000101'),
('40000000-0000-0000-0000-000000000004', '00000000-0000-0000-0000-000000000001', '10000000-0000-0000-0000-000000000004', '20000000-0000-0000-0000-000000000021', '2026-07-01', 'income', 'Rent', 1500, 'USD', 'July rent received for Bassac Garden B-0801.', '00000000-0000-0000-0000-000000000101', '00000000-0000-0000-0000-000000000101'),
('40000000-0000-0000-0000-000000000005', '00000000-0000-0000-0000-000000000001', '10000000-0000-0000-0000-000000000005', '20000000-0000-0000-0000-000000000030', '2026-07-01', 'income', 'Rent', 1220, 'USD', 'July rent received for Toul Kork Heights TK-7B.', '00000000-0000-0000-0000-000000000101', '00000000-0000-0000-0000-000000000101'),
('40000000-0000-0000-0000-000000000006', '00000000-0000-0000-0000-000000000001', '10000000-0000-0000-0000-000000000006', '20000000-0000-0000-0000-000000000031', '2026-07-01', 'income', 'Rent', 880, 'USD', 'July rent received for Chroy Changvar RV-301.', '00000000-0000-0000-0000-000000000101', '00000000-0000-0000-0000-000000000101'),
('40000000-0000-0000-0000-000000000101', '00000000-0000-0000-0000-000000000001', '10000000-0000-0000-0000-000000000001', '20000000-0000-0000-0000-000000000001', '2026-06-24', 'expense', 'Plumbing repair', 185, 'USD', 'Kitchen sink leak follow-up parts and labor estimate.', '00000000-0000-0000-0000-000000000101', '00000000-0000-0000-0000-000000000101'),
('40000000-0000-0000-0000-000000000102', '00000000-0000-0000-0000-000000000001', '10000000-0000-0000-0000-000000000002', '20000000-0000-0000-0000-000000000011', '2026-06-27', 'expense', 'Elevator repair', 1180, 'USD', 'Elevator door operator diagnostic and emergency labor deposit.', '00000000-0000-0000-0000-000000000101', '00000000-0000-0000-0000-000000000101'),
('40000000-0000-0000-0000-000000000103', '00000000-0000-0000-0000-000000000001', '10000000-0000-0000-0000-000000000004', '20000000-0000-0000-0000-000000000020', '2026-06-20', 'expense', 'AC service', 95, 'USD', 'Quarterly AC cleaning completed for Bassac Garden A-1204.', '00000000-0000-0000-0000-000000000101', '00000000-0000-0000-0000-000000000101'),
('40000000-0000-0000-0000-000000000104', '00000000-0000-0000-0000-000000000001', '10000000-0000-0000-0000-000000000006', NULL, '2026-06-28', 'expense', 'Electrical repair', 64, 'USD', 'Replaced common-area corridor lights at Chroy Changvar.', '00000000-0000-0000-0000-000000000101', '00000000-0000-0000-0000-000000000101'),
('40000000-0000-0000-0000-000000000105', '00000000-0000-0000-0000-000000000001', '10000000-0000-0000-0000-000000000004', NULL, '2026-06-30', 'expense', 'Housekeeping', 420, 'USD', 'Monthly common-area and serviced-apartment housekeeping invoice.', '00000000-0000-0000-0000-000000000101', '00000000-0000-0000-0000-000000000101'),
('40000000-0000-0000-0000-000000000106', '00000000-0000-0000-0000-000000000001', '10000000-0000-0000-0000-000000000005', NULL, '2026-06-30', 'expense', 'Security', 650, 'USD', 'June security contract for Toul Kork Heights.', '00000000-0000-0000-0000-000000000101', '00000000-0000-0000-0000-000000000101');

INSERT INTO public.timeline_events (
  id,
  organization_id,
  property_id,
  unit_id,
  lease_id,
  ledger_entry_id,
  event_date,
  event_type,
  title,
  description,
  cost_amount,
  cost_currency,
  created_by,
  updated_by
)
VALUES
('50000000-0000-0000-0000-000000000001', '00000000-0000-0000-0000-000000000001', '10000000-0000-0000-0000-000000000001', '20000000-0000-0000-0000-000000000001', '30000000-0000-0000-0000-000000000001', NULL, '2025-08-01', 'Lease Started', 'Dara Sok lease started', 'Security deposit received and handover checklist completed for unit 09A.', NULL, NULL, '00000000-0000-0000-0000-000000000101', '00000000-0000-0000-0000-000000000101'),
('50000000-0000-0000-0000-000000000002', '00000000-0000-0000-0000-000000000001', '10000000-0000-0000-0000-000000000002', '20000000-0000-0000-0000-000000000011', '30000000-0000-0000-0000-000000000009', NULL, '2025-04-01', 'Tenant Move In', 'Mekong Design Studio took over R01', 'Retail handover with meter readings and shopfront key set logged.', NULL, NULL, '00000000-0000-0000-0000-000000000101', '00000000-0000-0000-0000-000000000101'),
('50000000-0000-0000-0000-000000000003', '00000000-0000-0000-0000-000000000001', '10000000-0000-0000-0000-000000000003', '20000000-0000-0000-0000-000000000017', '30000000-0000-0000-0000-000000000013', NULL, '2026-06-15', 'General Note', 'Move-out notice received', 'Bopha Lim gave notice and requested final inspection during the week of July 15.', NULL, NULL, '00000000-0000-0000-0000-000000000101', '00000000-0000-0000-0000-000000000101'),
('50000000-0000-0000-0000-000000000101', '00000000-0000-0000-0000-000000000001', '10000000-0000-0000-0000-000000000001', '20000000-0000-0000-0000-000000000001', '30000000-0000-0000-0000-000000000001', '40000000-0000-0000-0000-000000000101', '2026-06-24', 'Repair', 'Kitchen sink leak follow-up', 'Plumber confirmed replacement trap and silicone reseal are required.', 185, 'USD', '00000000-0000-0000-0000-000000000101', '00000000-0000-0000-0000-000000000101'),
('50000000-0000-0000-0000-000000000102', '00000000-0000-0000-0000-000000000001', '10000000-0000-0000-0000-000000000002', '20000000-0000-0000-0000-000000000011', '30000000-0000-0000-0000-000000000009', '40000000-0000-0000-0000-000000000102', '2026-06-27', 'Maintenance', 'Elevator door fault logged', 'SecureLift requested owner approval before replacing the door operator board.', 1180, 'USD', '00000000-0000-0000-0000-000000000101', '00000000-0000-0000-0000-000000000101'),
('50000000-0000-0000-0000-000000000103', '00000000-0000-0000-0000-000000000001', '10000000-0000-0000-0000-000000000004', '20000000-0000-0000-0000-000000000020', '30000000-0000-0000-0000-000000000015', '40000000-0000-0000-0000-000000000103', '2026-06-20', 'Maintenance', 'Quarterly AC cleaning completed', 'Filter wash, drain flush, and temperature check completed.', 95, 'USD', '00000000-0000-0000-0000-000000000101', '00000000-0000-0000-0000-000000000101'),
('50000000-0000-0000-0000-000000000104', '00000000-0000-0000-0000-000000000001', '10000000-0000-0000-0000-000000000006', NULL, NULL, '40000000-0000-0000-0000-000000000104', '2026-06-28', 'Repair', 'Corridor light replacement completed', 'BrightLine replaced failed LED drivers on levels 3 and 4.', 64, 'USD', '00000000-0000-0000-0000-000000000101', '00000000-0000-0000-0000-000000000101'),
('50000000-0000-0000-0000-000000000105', '00000000-0000-0000-0000-000000000001', '10000000-0000-0000-0000-000000000005', NULL, NULL, NULL, '2026-06-29', 'Inspection', 'Parking gate sensor inspection', 'Intermittent gate sensor fault confirmed at evening peak period.', NULL, NULL, '00000000-0000-0000-0000-000000000101', '00000000-0000-0000-0000-000000000101');

INSERT INTO public.tenant_requests (
  id,
  organization_id,
  property_id,
  unit_id,
  request_type,
  title,
  description,
  category,
  priority,
  status,
  requested_at,
  requested_by_person_id,
  created_by,
  updated_by
)
VALUES
('90000000-0000-0000-0000-000000000001', '00000000-0000-0000-0000-000000000001', '10000000-0000-0000-0000-000000000001', '20000000-0000-0000-0000-000000000001', 'maintenance', 'Kitchen sink still leaking after first visit', 'Tenant reports water under the sink after the first reseal. Plumber needs access and photos before closing.', 'Plumbing', 'urgent', 'open', '2026-06-24 09:10:00+07', '80000000-0000-0000-0000-000000000001', '00000000-0000-0000-0000-000000000101', '00000000-0000-0000-0000-000000000101'),
('90000000-0000-0000-0000-000000000002', '00000000-0000-0000-0000-000000000001', '10000000-0000-0000-0000-000000000002', '20000000-0000-0000-0000-000000000011', 'maintenance', 'Elevator door reopens before closing', 'Retail tenant reports repeated door reopen events during morning deliveries.', 'Elevator repair', 'urgent', 'open', '2026-06-26 16:40:00+07', '80000000-0000-0000-0000-000000000018', '00000000-0000-0000-0000-000000000101', '00000000-0000-0000-0000-000000000101'),
('90000000-0000-0000-0000-000000000003', '00000000-0000-0000-0000-000000000001', '10000000-0000-0000-0000-000000000004', '20000000-0000-0000-0000-000000000020', 'maintenance', 'AC not cooling after afternoon peak', 'Tenant says the bedroom unit runs but does not cool below 27C after 3 PM.', 'AC service', 'high', 'open', '2026-07-01 08:20:00+07', '80000000-0000-0000-0000-000000000014', '00000000-0000-0000-0000-000000000101', '00000000-0000-0000-0000-000000000101'),
('90000000-0000-0000-0000-000000000004', '00000000-0000-0000-0000-000000000001', '10000000-0000-0000-0000-000000000003', '20000000-0000-0000-0000-000000000013', 'general', 'Key pickup and return for contractor access', 'Tenant authorized one key pickup for a bathroom caulking inspection.', 'Key and access', 'normal', 'in_review', '2026-06-30 17:00:00+07', '80000000-0000-0000-0000-000000000009', '00000000-0000-0000-0000-000000000101', '00000000-0000-0000-0000-000000000101'),
('90000000-0000-0000-0000-000000000005', '00000000-0000-0000-0000-000000000001', '10000000-0000-0000-0000-000000000001', '20000000-0000-0000-0000-000000000003', 'maintenance', 'Low shower water pressure', 'Pressure drops after 8 PM and tenant asks for pump-room check.', 'Water pressure', 'normal', 'open', '2026-06-30 20:15:00+07', '80000000-0000-0000-0000-000000000003', '00000000-0000-0000-0000-000000000101', '00000000-0000-0000-0000-000000000101'),
('90000000-0000-0000-0000-000000000006', '00000000-0000-0000-0000-000000000001', '10000000-0000-0000-0000-000000000004', NULL, 'maintenance', 'Monthly pest-control route', 'Preventive pest-control service for common areas and basement bins.', 'Pest control', 'low', 'open', '2026-06-28 10:00:00+07', NULL, '00000000-0000-0000-0000-000000000101', '00000000-0000-0000-0000-000000000101'),
('90000000-0000-0000-0000-000000000007', '00000000-0000-0000-0000-000000000001', '10000000-0000-0000-0000-000000000002', NULL, 'inspection', 'Fire extinguisher annual inspection', 'Annual tagged inspection for retail corridor and residential levels.', 'Fire safety', 'high', 'open', '2026-06-25 11:30:00+07', NULL, '00000000-0000-0000-0000-000000000101', '00000000-0000-0000-0000-000000000101'),
('90000000-0000-0000-0000-000000000008', '00000000-0000-0000-0000-000000000001', '10000000-0000-0000-0000-000000000006', NULL, 'maintenance', 'Lobby glass door closer slams shut', 'Front lobby closer needs adjustment before the weekend traffic increase.', 'Doors and glass', 'normal', 'open', '2026-06-30 13:20:00+07', NULL, '00000000-0000-0000-0000-000000000101', '00000000-0000-0000-0000-000000000101'),
('90000000-0000-0000-0000-000000000009', '00000000-0000-0000-0000-000000000001', '10000000-0000-0000-0000-000000000003', '20000000-0000-0000-0000-000000000017', 'inspection', 'Move-out inspection for 03-01', 'Notice tenant requested final inspection and deposit review.', 'Move-out', 'normal', 'open', '2026-06-15 09:00:00+07', '80000000-0000-0000-0000-000000000012', '00000000-0000-0000-0000-000000000101', '00000000-0000-0000-0000-000000000101'),
('90000000-0000-0000-0000-000000000010', '00000000-0000-0000-0000-000000000001', '10000000-0000-0000-0000-000000000006', NULL, 'maintenance', 'Common corridor lights failed', 'Level 3 and level 4 corridor lights flickered and failed after rain.', 'Electrical', 'normal', 'closed', '2026-06-27 18:05:00+07', NULL, '00000000-0000-0000-0000-000000000101', '00000000-0000-0000-0000-000000000101'),
('90000000-0000-0000-0000-000000000011', '00000000-0000-0000-0000-000000000001', '10000000-0000-0000-0000-000000000004', '20000000-0000-0000-0000-000000000020', 'maintenance', 'Quarterly AC cleaning for A-1204', 'Scheduled cleaning after tenant reported weak airflow last month.', 'AC service', 'normal', 'closed', '2026-06-18 09:30:00+07', '80000000-0000-0000-0000-000000000014', '00000000-0000-0000-0000-000000000101', '00000000-0000-0000-0000-000000000101'),
('90000000-0000-0000-0000-000000000012', '00000000-0000-0000-0000-000000000001', '10000000-0000-0000-0000-000000000005', NULL, 'maintenance', 'Parking gate sensor intermittent', 'Residents report gate sensor fails when cars queue after 6 PM.', 'Access control', 'high', 'open', '2026-06-29 18:40:00+07', NULL, '00000000-0000-0000-0000-000000000101', '00000000-0000-0000-0000-000000000101');

INSERT INTO public.tasks (
  id,
  organization_id,
  tenant_request_id,
  property_id,
  unit_id,
  title,
  description,
  category,
  priority,
  status,
  due_date,
  due_time,
  reminder_date,
  reminder_time,
  vendor_person_id,
  cost_estimate_amount,
  cost_estimate_currency,
  actual_cost_amount,
  actual_cost_currency,
  checklist,
  recurrence_frequency,
  ledger_entry_id,
  timeline_event_id,
  completed_at,
  branch_id,
  assignee_person_id,
  created_by,
  updated_by
)
VALUES
('91000000-0000-0000-0000-000000000001', '00000000-0000-0000-0000-000000000001', '90000000-0000-0000-0000-000000000001', '10000000-0000-0000-0000-000000000001', '20000000-0000-0000-0000-000000000001', 'Kitchen sink leak follow-up', 'Return with replacement trap, confirm tenant access, and attach after photo before closing.', 'Plumbing', 'urgent', 'in_progress', '2026-06-24', '10:00', '2026-06-24', '09:30', '80200000-0000-0000-0000-000000000001', 185, 'USD', NULL, NULL, '[{"id":"access","label":"Confirm tenant access window","completed":true},{"id":"diagnose","label":"Inspect trap, supply lines, and cabinet floor","completed":true},{"id":"repair","label":"Replace failed trap and reseal joints","completed":false},{"id":"photo","label":"Attach after photo and tenant sign-off","completed":false}]'::jsonb, 'none', NULL, '50000000-0000-0000-0000-000000000101', NULL, '00000000-0000-0000-0000-000000000211', '80300000-0000-0000-0000-000000000003', '00000000-0000-0000-0000-000000000101', '00000000-0000-0000-0000-000000000101'),
('91000000-0000-0000-0000-000000000002', '00000000-0000-0000-0000-000000000001', '90000000-0000-0000-0000-000000000002', '10000000-0000-0000-0000-000000000002', '20000000-0000-0000-0000-000000000011', 'Elevator door operator approval', 'SecureLift quoted the door operator board. Hold work until owner approves high-cost repair.', 'Elevator repair', 'urgent', 'blocked', '2026-06-27', '14:00', '2026-06-26', '17:00', '80200000-0000-0000-0000-000000000003', 1250, 'USD', NULL, NULL, '[{"id":"quote","label":"Upload vendor quote","completed":true},{"id":"approval","label":"Get owner approval for high-cost repair","completed":false},{"id":"schedule","label":"Schedule shutdown window with retail tenant","completed":false},{"id":"test","label":"Run door-cycle test after repair","completed":false}]'::jsonb, 'none', NULL, '50000000-0000-0000-0000-000000000102', NULL, '00000000-0000-0000-0000-000000000212', '80300000-0000-0000-0000-000000000002', '00000000-0000-0000-0000-000000000101', '00000000-0000-0000-0000-000000000101'),
('91000000-0000-0000-0000-000000000003', '00000000-0000-0000-0000-000000000001', '90000000-0000-0000-0000-000000000003', '10000000-0000-0000-0000-000000000004', '20000000-0000-0000-0000-000000000020', 'Bedroom AC not cooling', 'CoolAir to test temperature drop, clean filter, and advise if gas top-up is needed.', 'AC service', 'high', 'scheduled', '2026-07-01', '15:00', '2026-07-01', '14:45', '80200000-0000-0000-0000-000000000002', 90, 'USD', NULL, NULL, '[{"id":"tenant","label":"Confirm tenant is home after 3 PM","completed":true},{"id":"filter","label":"Clean filter and drain line","completed":false},{"id":"temperature","label":"Record before and after temperature readings","completed":false},{"id":"note","label":"Update case with service recommendation","completed":false}]'::jsonb, 'none', NULL, NULL, NULL, '00000000-0000-0000-0000-000000000211', '80300000-0000-0000-0000-000000000002', '00000000-0000-0000-0000-000000000101', '00000000-0000-0000-0000-000000000101'),
('91000000-0000-0000-0000-000000000004', '00000000-0000-0000-0000-000000000001', '90000000-0000-0000-0000-000000000004', '10000000-0000-0000-0000-000000000003', '20000000-0000-0000-0000-000000000013', 'Contractor key pickup and return', 'Prepare key envelope, record pickup, and confirm return after bathroom caulking inspection.', 'Key and access', 'normal', 'pending', '2026-07-03', '10:30', '2026-07-02', '17:00', '80200000-0000-0000-0000-000000000005', 35, 'USD', NULL, NULL, '[{"id":"authorize","label":"Confirm tenant authorization message","completed":true},{"id":"pickup","label":"Record contractor pickup time","completed":false},{"id":"return","label":"Record key return and cabinet check","completed":false}]'::jsonb, 'none', NULL, NULL, NULL, '00000000-0000-0000-0000-000000000211', '80300000-0000-0000-0000-000000000003', '00000000-0000-0000-0000-000000000101', '00000000-0000-0000-0000-000000000101'),
('91000000-0000-0000-0000-000000000005', '00000000-0000-0000-0000-000000000001', '90000000-0000-0000-0000-000000000005', '10000000-0000-0000-0000-000000000001', '20000000-0000-0000-0000-000000000003', 'Check evening water pressure drop', 'Visit during evening demand peak and inspect rooftop tank float valve.', 'Water pressure', 'normal', 'pending', '2026-07-05', '19:00', '2026-07-05', '17:00', '80200000-0000-0000-0000-000000000001', 120, 'USD', NULL, NULL, '[{"id":"tenant","label":"Confirm tenant will be home after 7 PM","completed":false},{"id":"pump","label":"Check pump pressure and rooftop tank valve","completed":false},{"id":"log","label":"Record pressure reading and next action","completed":false}]'::jsonb, 'none', NULL, NULL, NULL, '00000000-0000-0000-0000-000000000211', '80300000-0000-0000-0000-000000000003', '00000000-0000-0000-0000-000000000101', '00000000-0000-0000-0000-000000000101'),
('91000000-0000-0000-0000-000000000006', '00000000-0000-0000-0000-000000000001', '90000000-0000-0000-0000-000000000006', '10000000-0000-0000-0000-000000000004', NULL, 'Monthly pest-control route', 'Treat basement bins, stairwells, and service corridors before the weekend.', 'Pest control', 'low', 'scheduled', '2026-07-08', '09:00', '2026-07-07', '16:00', '80200000-0000-0000-0000-000000000006', 140, 'USD', NULL, NULL, '[{"id":"notice","label":"Post common-area notice one day before service","completed":false},{"id":"service","label":"Complete basement and corridor treatment","completed":false},{"id":"invoice","label":"Attach vendor invoice","completed":false}]'::jsonb, 'monthly', NULL, NULL, NULL, '00000000-0000-0000-0000-000000000211', '80300000-0000-0000-0000-000000000002', '00000000-0000-0000-0000-000000000101', '00000000-0000-0000-0000-000000000101'),
('91000000-0000-0000-0000-000000000007', '00000000-0000-0000-0000-000000000001', '90000000-0000-0000-0000-000000000007', '10000000-0000-0000-0000-000000000002', NULL, 'Fire extinguisher annual inspection', 'Walk all cabinets, record tag dates, and note replacements for owner approval.', 'Fire safety', 'high', 'scheduled', '2026-07-10', '11:00', '2026-07-09', '15:00', NULL, 210, 'USD', NULL, NULL, '[{"id":"cabinet","label":"Check every cabinet location against floor plan","completed":false},{"id":"tag","label":"Photograph tags and expiry dates","completed":false},{"id":"replace","label":"List extinguishers due for replacement","completed":false}]'::jsonb, 'annual', NULL, NULL, NULL, '00000000-0000-0000-0000-000000000212', '80300000-0000-0000-0000-000000000003', '00000000-0000-0000-0000-000000000101', '00000000-0000-0000-0000-000000000101'),
('91000000-0000-0000-0000-000000000008', '00000000-0000-0000-0000-000000000001', '90000000-0000-0000-0000-000000000008', '10000000-0000-0000-0000-000000000006', NULL, 'Adjust lobby glass door closer', 'Door closer slams shut; vendor should adjust speed and inspect hinges.', 'Doors and glass', 'normal', 'in_progress', '2026-07-02', '09:30', '2026-07-01', '16:00', '80200000-0000-0000-0000-000000000008', 75, 'USD', NULL, NULL, '[{"id":"inspect","label":"Inspect closer arm and hinge alignment","completed":true},{"id":"adjust","label":"Adjust closing speed and latch speed","completed":false},{"id":"test","label":"Test door with manager present","completed":false}]'::jsonb, 'none', NULL, NULL, NULL, '00000000-0000-0000-0000-000000000212', '80300000-0000-0000-0000-000000000003', '00000000-0000-0000-0000-000000000101', '00000000-0000-0000-0000-000000000101'),
('91000000-0000-0000-0000-000000000009', '00000000-0000-0000-0000-000000000001', '90000000-0000-0000-0000-000000000009', '10000000-0000-0000-0000-000000000003', '20000000-0000-0000-0000-000000000017', 'Move-out inspection for 03-01', 'Prepare inspection checklist and estimate refresh work before relisting.', 'Move-out', 'normal', 'pending', '2026-07-15', '14:00', '2026-07-14', '16:00', '80200000-0000-0000-0000-000000000007', 160, 'USD', NULL, NULL, '[{"id":"schedule","label":"Confirm inspection appointment with tenant","completed":true},{"id":"meter","label":"Record electricity and water meter photos","completed":false},{"id":"condition","label":"Complete room-by-room condition checklist","completed":false},{"id":"deposit","label":"Send deposit recommendation to manager","completed":false}]'::jsonb, 'none', NULL, '50000000-0000-0000-0000-000000000003', NULL, '00000000-0000-0000-0000-000000000211', '80300000-0000-0000-0000-000000000004', '00000000-0000-0000-0000-000000000101', '00000000-0000-0000-0000-000000000101'),
('91000000-0000-0000-0000-000000000010', '00000000-0000-0000-0000-000000000001', '90000000-0000-0000-0000-000000000010', '10000000-0000-0000-0000-000000000006', NULL, 'Replace common corridor lights', 'BrightLine replaced failed LED drivers on levels 3 and 4.', 'Electrical', 'normal', 'completed', '2026-06-28', '11:00', '2026-06-28', '10:00', '80200000-0000-0000-0000-000000000004', 70, 'USD', 64, 'USD', '[{"id":"isolate","label":"Isolate affected corridor circuits","completed":true},{"id":"replace","label":"Replace failed LED drivers","completed":true},{"id":"photo","label":"Attach completion photos","completed":true}]'::jsonb, 'none', '40000000-0000-0000-0000-000000000104', '50000000-0000-0000-0000-000000000104', '2026-06-28 13:20:00+07', '00000000-0000-0000-0000-000000000212', '80300000-0000-0000-0000-000000000003', '00000000-0000-0000-0000-000000000101', '00000000-0000-0000-0000-000000000101'),
('91000000-0000-0000-0000-000000000011', '00000000-0000-0000-0000-000000000001', '90000000-0000-0000-0000-000000000011', '10000000-0000-0000-0000-000000000004', '20000000-0000-0000-0000-000000000020', 'Quarterly AC cleaning for A-1204', 'Filter wash, drain flush, and cooling test completed.', 'AC service', 'normal', 'completed', '2026-06-20', '13:00', '2026-06-19', '17:00', '80200000-0000-0000-0000-000000000002', 95, 'USD', 95, 'USD', '[{"id":"access","label":"Confirm access with tenant","completed":true},{"id":"clean","label":"Clean filters and drain line","completed":true},{"id":"temperature","label":"Record temperature readings","completed":true},{"id":"invoice","label":"Attach invoice and close case","completed":true}]'::jsonb, 'quarterly', '40000000-0000-0000-0000-000000000103', '50000000-0000-0000-0000-000000000103', '2026-06-20 15:10:00+07', '00000000-0000-0000-0000-000000000211', '80300000-0000-0000-0000-000000000002', '00000000-0000-0000-0000-000000000101', '00000000-0000-0000-0000-000000000101'),
('91000000-0000-0000-0000-000000000012', '00000000-0000-0000-0000-000000000001', '90000000-0000-0000-0000-000000000012', '10000000-0000-0000-0000-000000000005', NULL, 'Parking gate sensor fault', 'Sensor fails during evening queue. Need diagnostic before ordering replacement part.', 'Access control', 'high', 'blocked', '2026-07-04', '18:30', '2026-07-03', '16:00', '80200000-0000-0000-0000-000000000004', 280, 'USD', NULL, NULL, '[{"id":"diagnose","label":"Reproduce sensor failure during evening queue","completed":true},{"id":"quote","label":"Request replacement sensor quote","completed":false},{"id":"approval","label":"Get manager approval before ordering part","completed":false}]'::jsonb, 'none', NULL, '50000000-0000-0000-0000-000000000105', NULL, '00000000-0000-0000-0000-000000000212', '80300000-0000-0000-0000-000000000003', '00000000-0000-0000-0000-000000000101', '00000000-0000-0000-0000-000000000101');

INSERT INTO public.activity_logs (
  id,
  organization_id,
  actor_id,
  entity_type,
  entity_id,
  action,
  previous_values,
  new_values,
  created_at
)
VALUES
('92000000-0000-0000-0000-000000000001', '00000000-0000-0000-0000-000000000001', '00000000-0000-0000-0000-000000000101', 'task', '91000000-0000-0000-0000-000000000001', 'assigned', NULL, '{"status":"in_progress","priority":"urgent"}'::jsonb, '2026-06-24 09:20:00+07'),
('92000000-0000-0000-0000-000000000002', '00000000-0000-0000-0000-000000000001', '00000000-0000-0000-0000-000000000101', 'task', '91000000-0000-0000-0000-000000000002', 'blocked', NULL, '{"reason":"owner approval required","estimate":1250}'::jsonb, '2026-06-27 15:10:00+07'),
('92000000-0000-0000-0000-000000000003', '00000000-0000-0000-0000-000000000001', '00000000-0000-0000-0000-000000000101', 'task', '91000000-0000-0000-0000-000000000003', 'scheduled', NULL, '{"due_date":"2026-07-01","vendor":"CoolAir Service Cambodia"}'::jsonb, '2026-07-01 08:45:00+07'),
('92000000-0000-0000-0000-000000000004', '00000000-0000-0000-0000-000000000001', '00000000-0000-0000-0000-000000000101', 'lease', '30000000-0000-0000-0000-000000000004', 'notice_received', NULL, '{"notice_date":"2026-06-15","scheduled_move_out_date":"2026-07-31"}'::jsonb, '2026-06-15 10:15:00+07'),
('92000000-0000-0000-0000-000000000005', '00000000-0000-0000-0000-000000000001', '00000000-0000-0000-0000-000000000101', 'task', '91000000-0000-0000-0000-000000000010', 'completed', NULL, '{"actual_cost":64,"currency":"USD"}'::jsonb, '2026-06-28 13:20:00+07'),
('92000000-0000-0000-0000-000000000006', '00000000-0000-0000-0000-000000000001', '00000000-0000-0000-0000-000000000101', 'task', '91000000-0000-0000-0000-000000000011', 'completed', NULL, '{"actual_cost":95,"currency":"USD"}'::jsonb, '2026-06-20 15:10:00+07');

INSERT INTO public.ledger_period_locks (
  id,
  organization_id,
  period_start,
  locked_at,
  locked_by,
  reason
)
VALUES
('60000000-0000-0000-0000-000000000001', '00000000-0000-0000-0000-000000000001', '2026-04-01', '2026-05-06 09:00:00+07', '00000000-0000-0000-0000-000000000101', 'April owner statements reviewed and locked.'),
('60000000-0000-0000-0000-000000000002', '00000000-0000-0000-0000-000000000001', '2026-05-01', '2026-06-05 09:30:00+07', '00000000-0000-0000-0000-000000000101', 'May rent, maintenance, and service invoices reconciled.');

SELECT set_config('app.people_leases_skip_sync', 'off', false);
